term_str,n,p,i,h,n_chars,max_pos,stem_porter,stem_snowball,stem_lancaster,df,idf,tfidf_mean,tfidf_max,dfidf
alloys,482,0.01752026462142416,5.834831624588306,0.10222779408424135,6,NNS,alloy,alloy,alloy,163,0.2749507710732287,0.009353585010149476,0.04999104928604158,44.816975684936274
alloy,374,0.013594562175129948,6.2008265009306305,0.08429752140409494,5,NN,alloy,alloy,alloy,160,0.2830183928212617,0.00772976195602403,0.03537729910265771,45.28294285140187
lattice,367,0.013340118498055324,6.2280847079750545,0.08308338802031352,7,NN,lattic,lattic,lat,136,0.353599467106969,0.011215998224488332,0.040576988028668576,48.08952752654778
phase,270,0.009814256115735524,6.670905363767436,0.06546997376384747,5,NN,phase,phase,phas,88,0.5426557033270178,0.01597140835353207,0.0561367968958984,47.75370189277757
high,218,0.007924103086038312,6.979536636041341,0.05530656779677265,4,JJ,high,high,high,109,0.4497118775365629,0.010218905602487316,0.039105380655353295,49.01859465148535
bcc,163,0.005924902766166261,7.39899280658719,0.043838312946592704,3,NN,bcc,bcc,bcc,83,0.5680602831011126,0.014640651313264825,0.054100979342963096,47.14900349739234
elements,163,0.005924902766166261,7.39899280658719,0.043838312946592704,8,NNS,element,element,el,89,0.5377483688322737,0.00957953675069978,0.03432436396801747,47.85960482607236
temperature,159,0.005779506379266475,7.434838005533912,0.04296969368179608,11,NN,temperatur,temperatur,temp,80,0.5840483884852429,0.012115054020424157,0.03937404866192649,46.72387107881943
heas,150,0.005452364508741958,7.5189022703223864,0.04099579588340511,4,NN,hea,hea,hea,74,0.6179066557462103,0.015144168891765787,0.047531281211246945,45.72509252521956
fcc,149,0.005416015412017011,7.528552440356106,0.04077475604714695,3,NN,fcc,fcc,fcc,78,0.5950437727867061,0.01147336587579692,0.0540948884351551,46.413414277363074
atomic,148,0.005379666315292065,7.538267595189318,0.04055336425749769,6,JJ,atom,atom,atom,78,0.5950437727867061,0.012235692351447587,0.07000514973961247,46.413414277363074
structure,142,0.005161571734942387,7.5979738413135856,0.039217487022155835,9,NN,structur,structur,structure,81,0.5786533565985368,0.010639941381490946,0.03733247461926044,46.87092188448148
solid,140,0.005088873541492494,7.6184379438733005,0.03876926728007932,5,JJ,solid,solid,solid,86,0.5526399242336187,0.010599982678619588,0.03684266161557458,47.52703348409121
strength,121,0.004398240703718513,7.828857723543672,0.03443320070331083,8,NN,strength,strength,strength,62,0.6947466859789326,0.014580402076877596,0.04736909222583631,43.07429453069382
addition,116,0.004216495220093781,7.889739965690695,0.03326705085311769,8,NN,addit,addit,addit,61,0.7018085404664194,0.017519395422190456,0.12031003550852903,42.810320968451585
using,114,0.004143797026643888,7.914830946653526,0.03279745294313191,5,VBG,use,use,us,75,0.6120771120854864,0.011659833940781805,0.04533904533966566,45.90578340641148
solution,111,0.004034749736469049,7.953305094468162,0.03208959563396336,8,NN,solut,solut,solv,69,0.6482892847399312,0.011592390354714543,0.04321928564932875,44.73196064705525
properties,111,0.004034749736469049,7.953305094468162,0.03208959563396336,10,NNS,properti,properti,property,77,0.6006476503047047,0.011988815588257267,0.12012953006094094,46.249869073462264
parameter,107,0.003889353349569263,8.00625397441712,0.031139150712901454,9,NN,paramet,paramet,paramet,60,0.7089871250935428,0.015585271321119977,0.06219185307838094,42.539227505612565
composition,105,0.0038166551561193704,8.033475443152145,0.03066100547166498,11,NN,composit,composit,composit,72,0.629805879045918,0.011772084414694671,0.0419870586030612,45.346023291306096
size,101,0.003671258769219585,8.089509478066473,0.029698682610036487,4,NN,size,size,siz,61,0.7018085404664194,0.014747646701448293,0.05398527234357073,42.810320968451585
parameters,94,0.00341681509214496,8.19313210914063,0.02799441744244917,10,NNS,paramet,paramet,paramet,63,0.6877978260236047,0.013830923998088175,0.08253573912283256,43.3312630394871
entropy,93,0.003380465995420014,8.208562149710236,0.02774876521838726,7,NN,entropi,entropi,entrop,50,0.7881683711411677,0.017455117586904587,0.05629774079579769,39.40841855705838
hardness,92,0.0033441168986950674,8.224159004761255,0.02750254910537732,8,NN,hard,hard,hard,40,0.885078384149224,0.03349590982167071,0.0983420426832471,35.403135365968964
phases,92,0.0033441168986950674,8.224159004761255,0.02750254910537732,6,NNS,phase,phase,phas,46,0.8243805437956124,0.019780365682088144,0.08243805437956125,37.921505014598175
calculated,91,0.003307767801970121,8.23992632061957,0.027255762973951544,10,VBN,calcul,calcul,calc,51,0.7795681993792501,0.01783037937936491,0.06838317538414475,39.75797816834176
different,90,0.0032714187052451747,8.255867864488593,0.027008400559920518,9,JJ,differ,differ,diff,67,0.66106357277636,0.009024825749367103,0.04559059122595586,44.291259376016114
elastic,88,0.003198720511795282,8.28828934218097,0.026511921126528493,7,JJ,elast,elast,elast,40,0.885078384149224,0.0162548468008152,0.06157067020168515,35.403135365968964
hea,85,0.0030896732216204427,8.338330024680566,0.02576271499028927,3,NN,hea,hea,hea,55,0.7467756859829426,0.014031063460251453,0.08297507622032696,41.07266272906185
shown,82,0.0029806259314456036,8.390168956200183,0.025007955160060158,5,VBN,shown,shown,shown,66,0.6675944399353178,0.008852019570000046,0.03513654947027988,44.06123303573097
mechanical,81,0.002944276834720657,8.407870957933643,0.024755099690764604,10,JJ,mechan,mechan,mech,53,0.7628625058763975,0.014279520773630032,0.07628625058763976,40.43171281144907
energy,80,0.002907927737995711,8.425792865930905,0.024501596789446856,6,NN,energi,energi,energy,41,0.8743545187574511,0.0178471546905432,0.08197073613351104,35.848535269055496
atoms,80,0.002907927737995711,8.425792865930905,0.024501596789446856,5,NNS,atom,atom,atom,43,0.8536699198975999,0.014439577973978155,0.03836718741112809,36.7078065555968
also,79,0.0028715786412707644,8.443940212641165,0.024247438362787685,4,RB,also,also,also,63,0.6877978260236047,0.007809089944830649,0.019105495167322354,43.3312630394871
results,78,0.002835229544545818,8.462318741956018,0.023992616112557503,7,NNS,result,result,result,55,0.7467756859829426,0.01210755697296479,0.04392798152840839,41.07266272906185
materials,77,0.0027988804478208716,8.480934420123367,0.023737121527734332,9,NNS,materi,materi,mat,59,0.7162863638350423,0.013726075011345653,0.23876212127834742,42.2608954662675
formation,76,0.0027625313510959253,8.499793447374682,0.023480945876212272,9,NN,format,format,form,42,0.863889085079286,0.01366211754163138,0.05399306781745537,36.28334157333001
xrd,76,0.0027625313510959253,8.499793447374682,0.023480945876212272,3,NN,xrd,xrd,xrd,45,0.8339258617018428,0.013049101703295072,0.02779752872339476,37.52666377658293
alloying,76,0.0027625313510959253,8.499793447374682,0.023480945876212272,8,VBG,alloy,alloy,alloy,53,0.7628625058763975,0.011634126206894834,0.04487426505155279,40.43171281144907
constants,73,0.002653484060921086,8.55789640193825,0.022708241697557058,9,NNS,constant,constant,const,37,0.9189366514101914,0.017371908122859953,0.05593527443366383,34.00065610217708
due,73,0.002653484060921086,8.55789640193825,0.022708241697557058,3,JJ,due,due,due,54,0.7547446156542179,0.012557131465792274,0.06562996657862764,40.75620924532777
experimental,73,0.002653484060921086,8.55789640193825,0.022708241697557058,12,NN,experiment,experiment,expery,46,0.8243805437956124,0.014920166570621573,0.052620034710358234,37.921505014598175
observed,72,0.0026171349641961397,8.577795959375955,0.02244924972102318,8,VBN,observ,observ,observ,50,0.7881683711411677,0.013328041001727953,0.04926052319632298,39.40841855705838
binary,72,0.0026171349641961397,8.577795959375955,0.02244924972102318,6,NN,binari,binari,bin,36,0.9308358747098993,0.015599802283569351,0.054399499171357744,33.51009148955637
respectively,72,0.0026171349641961397,8.577795959375955,0.02244924972102318,12,RB,respect,respect,respect,54,0.7547446156542179,0.009030532141112905,0.02358576923919431,40.75620924532777
increase,72,0.0026171349641961397,8.577795959375955,0.02244924972102318,8,NN,increas,increas,increas,47,0.815040517541469,0.016908280942797407,0.07087308848186687,38.30690432444904
values,69,0.0025080876740213006,8.639196504040099,0.021667862265230882,6,NNS,valu,valu,valu,48,0.8058971381015992,0.014973724599586286,0.07326337619105448,38.68306262887676
theory,67,0.002435389480571408,8.681631770360495,0.021143154687730478,6,NN,theori,theori,the,36,0.9308358747098993,0.01746696437704649,0.0489913618268368,33.51009148955637
modulus,67,0.002435389480571408,8.681631770360495,0.021143154687730478,7,NN,modulu,modulus,modul,33,0.968624435599299,0.032483134486126795,0.10762493728881099,31.964606374776867
yield,66,0.0023990403838464614,8.703326841459814,0.020879632566476965,5,NN,yield,yield,yield,35,0.9430703311269109,0.01701552389036291,0.041914236938973816,33.00746158944188
strengthening,65,0.002362691287121515,8.725353147789813,0.020615315859341274,13,VBG,strengthen,strengthen,strengthening,43,0.8536699198975999,0.015426531140953721,0.07760635635432726,36.7078065555968
distortion,64,0.0023263421903965686,8.747720960818267,0.020350192340967944,10,NN,distort,distort,distort,36,0.9308358747098993,0.017045370495971122,0.040471124987386926,33.51009148955637
milling,64,0.0023263421903965686,8.747720960818267,0.020350192340967944,7,NN,mill,mill,mil,18,1.2318658703738805,0.04603280835794142,0.13687398559709782,22.17358566672985
used,61,0.0022172949002217295,8.81698362325538,0.01954985282318266,4,VBN,use,use,us,46,0.8243805437956124,0.011606310713986179,0.039256216371219635,37.921505014598175
found,61,0.0022172949002217295,8.81698362325538,0.01954985282318266,5,NN,found,found,found,48,0.8058971381015992,0.013187079962042741,0.07326337619105448,38.68306262887676
data,60,0.002180945803496783,8.840830365209749,0.019281371884431135,4,NNS,data,data,dat,50,0.7881683711411677,0.014891196996277395,0.09852104639264596,39.40841855705838
misfit,59,0.0021445967067718367,8.865077911456426,0.019012016894185205,6,NN,misfit,misfit,misfit,30,1.010017120757524,0.020460674185096405,0.0696563531556913,30.300513622725717
heat,58,0.0021082476100468903,8.889739965690696,0.018741773036605736,4,NN,heat,heat,heat,31,0.9957766816429138,0.02234061501541548,0.09957766816429138,30.86907713093033
work,58,0.0021082476100468903,8.889739965690696,0.018741773036605736,4,NN,work,work,work,45,0.8339258617018428,0.014737364650147668,0.08339258617018429,37.52666377658293
however,58,0.0021082476100468903,8.889739965690696,0.018741773036605736,7,RB,howev,howev,howev,48,0.8058971381015992,0.010766988264990842,0.07326337619105448,38.68306262887676
constant,58,0.0021082476100468903,8.889739965690696,0.018741773036605736,8,JJ,constant,constant,const,44,0.8436856989909991,0.01266217448894259,0.04687142772172217,37.12217075560396
mpa,58,0.0021082476100468903,8.889739965690696,0.018741773036605736,3,NN,mpa,mpa,mpa,23,1.1254105394595937,0.03538432971888166,0.1250456154955104,25.884442407570656
method,58,0.0021082476100468903,8.889739965690696,0.018741773036605736,6,NN,method,method,method,34,0.9556594584349314,0.018286726690062448,0.05972871615218321,32.492421586787664
increases,57,0.002071898513321944,8.914830946653526,0.0184706249848879,9,NNS,increas,increas,increas,37,0.9189366514101914,0.019640285399576875,0.05865553094107604,34.00065610217708
concentration,57,0.002071898513321944,8.914830946653526,0.0184706249848879,13,NN,concentr,concentr,cont,30,1.010017120757524,0.022873732866935493,0.11222412452861376,30.300513622725717
obtained,57,0.002071898513321944,8.914830946653526,0.0184706249848879,8,VBN,obtain,obtain,obtain,41,0.8743545187574511,0.01153224211998726,0.034974180750298046,35.848535269055496
diffraction,57,0.002071898513321944,8.914830946653526,0.0184706249848879,11,NN,diffract,diffract,diffract,30,1.010017120757524,0.018908145451231952,0.11882554361853223,30.300513622725717
system,57,0.002071898513321944,8.914830946653526,0.0184706249848879,6,NN,system,system,system,38,0.9073547788603763,0.012284226745996251,0.027495599359405345,34.4794815966943
volume,56,0.0020355494165969976,8.940366038760663,0.01819855687436288,6,NN,volum,volum,volum,30,1.010017120757524,0.018549499828311427,0.07769362467365569,30.300513622725717
value,56,0.0020355494165969976,8.940366038760663,0.01819855687436288,5,NN,valu,valu,valu,42,0.863889085079286,0.016844363166251534,0.06911112680634288,36.28334157333001
effect,55,0.001999200319872051,8.966361247293607,0.017925552273677745,6,NN,effect,effect,effect,41,0.8743545187574511,0.015409682297844146,0.07948677443249555,35.848535269055496
reported,54,0.001962851223147105,8.992833458654799,0.01765159415387878,8,VBD,report,report,report,36,0.9308358747098993,0.014380635865818185,0.0664882767649928,33.51009148955637
model,54,0.001962851223147105,8.992833458654799,0.01765159415387878,5,NN,model,model,model,34,0.9556594584349314,0.0188508331923436,0.06266619399573321,32.492421586787664
similar,53,0.0019265021264221584,9.019800506255068,0.01737666485520405,7,JJ,similar,similar,simil,43,0.8536699198975999,0.01488236030301964,0.08536699198976,36.7078065555968
rhea,53,0.0019265021264221584,9.019800506255068,0.01737666485520405,4,NN,rhea,rhea,rhe,19,1.2083847745243574,0.04768943567897425,0.08055898496829049,22.95931071596279
present,53,0.0019265021264221584,9.019800506255068,0.01737666485520405,7,NN,present,present,pres,40,0.885078384149224,0.013474795672637475,0.04214658972139162,35.403135365968964
volumes,53,0.0019265021264221584,9.019800506255068,0.01737666485520405,7,NNS,volum,volum,volum,28,1.0399803441349673,0.025184922102342393,0.07827809041876098,29.119449635779084
ternary,53,0.0019265021264221584,9.019800506255068,0.01737666485520405,7,JJ,ternari,ternari,tern,19,1.2083847745243574,0.0323217796410606,0.07154909849157379,22.95931071596279
well,52,0.001890153029697212,9.047281242677174,0.017100746051369017,4,RB,well,well,wel,41,0.8743545187574511,0.014825205899907464,0.06245389419696079,35.848535269055496
thermal,52,0.001890153029697212,9.047281242677174,0.017100746051369017,7,NN,thermal,thermal,therm,33,0.968624435599299,0.01890540791475474,0.14529366533989485,31.964606374776867
electron,51,0.0018538039329722656,9.075295618846772,0.016823818711104117,8,NN,electron,electron,electron,32,0.9819883971572805,0.020768168910827375,0.1091098219063645,31.423628709032975
type,51,0.0018538039329722656,9.075295618846772,0.016823818711104117,4,NN,type,type,typ,23,1.1254105394595937,0.02487656035004993,0.060289850328192514,25.884442407570656
based,51,0.0018538039329722656,9.075295618846772,0.016823818711104117,5,VBN,base,base,bas,45,0.8339258617018428,0.013255444998334726,0.11119011489357904,37.52666377658293
crystal,51,0.0018538039329722656,9.075295618846772,0.016823818711104117,7,NN,crystal,crystal,cryst,40,0.885078384149224,0.013079479562308708,0.0553173990093265,35.403135365968964
shows,50,0.0018174548362473193,9.103864771043543,0.016545863056674683,5,NNS,show,show,show,43,0.8536699198975999,0.010930009714815177,0.08536699198976,36.7078065555968
determined,50,0.0018174548362473193,9.103864771043543,0.016545863056674683,10,VBN,determin,determin,determin,36,0.9308358747098993,0.015853011039701003,0.05475505145352348,33.51009148955637
samples,49,0.0017811057395223729,9.13301111670306,0.016266858519081454,7,NNS,sampl,sampl,sampl,33,0.968624435599299,0.016018521923893657,0.044028383436331774,31.964606374776867
peaks,49,0.0017811057395223729,9.13301111670306,0.016266858519081454,5,NNS,peak,peak,peak,19,1.2083847745243574,0.0219399596354431,0.06427578587895519,22.95931071596279
magnetic,49,0.0017811057395223729,9.13301111670306,0.016266858519081454,8,JJ,magnet,magnet,magnet,21,1.1649190807432672,0.029715934778560077,0.08320850576737622,24.463300695608613
element,48,0.0017447566427974265,9.16275846009711,0.01598678368960275,7,NN,element,element,el,35,0.9430703311269109,0.01331571015192918,0.08573366646608281,33.00746158944188
new,47,0.00170840754607248,9.19313210914063,0.015705616267297065,3,JJ,new,new,new,32,0.9819883971572805,0.012252017259631539,0.0400811590676441,31.423628709032975
thus,47,0.00170840754607248,9.19313210914063,0.015705616267297065,4,RB,thu,thus,thu,41,0.8743545187574511,0.011943332007549637,0.046018658881971104,35.848535269055496
powder,46,0.0016720584493475337,9.224159004761255,0.015423333002036193,6,NN,powder,powder,powd,28,1.0399803441349673,0.016626177725680088,0.08319842753079738,29.119449635779084
compositions,46,0.0016720584493475337,9.224159004761255,0.015423333002036193,12,NNS,composit,composit,composit,33,0.968624435599299,0.013936018340489239,0.058704511248442365,31.964606374776867
order,46,0.0016720584493475337,9.224159004761255,0.015423333002036193,5,NN,order,order,ord,40,0.885078384149224,0.011119916648122454,0.03540313536596896,35.403135365968964
chemical,45,0.0016357093526225873,9.255867864488593,0.015139909632582845,8,NN,chemic,chemic,chem,35,0.9430703311269109,0.01408442785715551,0.05239279617371727,33.00746158944188
average,45,0.0016357093526225873,9.255867864488593,0.015139909632582845,7,JJ,averag,averag,av,34,0.9556594584349314,0.016020410015820913,0.10618438427054792,32.492421586787664
mixing,45,0.0016357093526225873,9.255867864488593,0.015139909632582845,6,VBG,mix,mix,mix,25,1.0891983668051488,0.02328525164073433,0.09901803334592262,27.22995917012872
range,45,0.0016357093526225873,9.255867864488593,0.015139909632582845,5,NN,rang,rang,rang,35,0.9430703311269109,0.01425794532369542,0.06736216650906506,33.00746158944188
gpa,44,0.001599360255897641,9.28828934218097,0.014855320819161888,3,NN,gpa,gpa,gpa,22,1.1447156946549804,0.02640604675413843,0.082950412656158,25.183745282409568
difference,43,0.0015630111591726946,9.321456206116169,0.014569540069899141,10,NN,differ,differ,diff,31,0.9957766816429138,0.013373611648320825,0.031118021301341055,30.86907713093033
small,43,0.0015630111591726946,9.321456206116169,0.014569540069899141,5,JJ,small,small,smal,32,0.9819883971572805,0.016080693939309096,0.06137427482233003,31.423628709032975
patterns,42,0.0015266620624477482,9.355403538039507,0.014282539660414354,8,NNS,pattern,pattern,pattern,25,1.0891983668051488,0.01780613444199805,0.04950901667296131,27.22995917012872
solute,42,0.0015266620624477482,9.355403538039507,0.014282539660414354,6,NN,solut,solut,solv,20,1.1861083798132053,0.020980843152709743,0.07603258844956444,23.722167596264107
material,42,0.0015266620624477482,9.355403538039507,0.014282539660414354,8,NN,materi,materi,mat,37,0.9189366514101914,0.015920744323054816,0.05105203618945508,34.00065610217708
time,42,0.0015266620624477482,9.355403538039507,0.014282539660414354,4,NN,time,time,tim,28,1.0399803441349673,0.020625642717506505,0.06117531436088043,29.119449635779084
density,41,0.0014903129657228018,9.390168956200183,0.013994290545752882,7,NN,densiti,densiti,dens,24,1.1069271337655804,0.017065633895458822,0.04487542434184785,26.566251210373927
temperatures,41,0.0014903129657228018,9.390168956200183,0.013994290545752882,12,NNS,temperatur,temperatur,temp,35,0.9430703311269109,0.012460226534060011,0.05894189569543193,33.00746158944188
x-ray,41,0.0014903129657228018,9.390168956200183,0.013994290545752882,5,NN,x-ray,x-ray,x-ray,28,1.0399803441349673,0.013863748157839546,0.04159921376539869,29.119449635779084
dft,41,0.0014903129657228018,9.390168956200183,0.013994290545752882,3,NN,dft,dft,dft,22,1.1447156946549804,0.02192153832301562,0.040306890656865504,25.183745282409568
analysis,41,0.0014903129657228018,9.390168956200183,0.013994290545752882,8,NN,analysi,analysi,analys,31,0.9957766816429138,0.015005349335852014,0.0711269058316367,30.86907713093033
high-entropy,40,0.0014539638689978554,9.425792865930905,0.013704762263721283,12,NN,high-entropi,high-entropi,high-entropy,30,1.010017120757524,0.021294494416478574,0.1010017120757524,30.300513622725717
bulk,40,0.0014539638689978554,9.425792865930905,0.013704762263721283,4,NN,bulk,bulk,bulk,25,1.0891983668051488,0.01629026464738968,0.0933598600118699,27.22995917012872
random,39,0.001417614772272909,9.462318741956018,0.01341392282855166,6,NN,random,random,random,27,1.0557746113181992,0.012274170523024323,0.02679630993193399,28.505914505591377
atom,39,0.001417614772272909,9.462318741956018,0.01341392282855166,4,NN,atom,atom,atom,22,1.1447156946549804,0.016990225829008138,0.042396877579814085,25.183745282409568
dislocation,38,0.0013812656755479626,9.499793447374682,0.013121738613654099,11,NN,disloc,disloc,disloc,15,1.3110471164215052,0.02743865423663184,0.06810634371020806,19.665706746322577
presented,38,0.0013812656755479626,9.499793447374682,0.013121738613654099,9,VBN,present,present,pres,29,1.0247403775782304,0.015174808454136955,0.044553929459923064,29.717470949768682
systems,38,0.0013812656755479626,9.499793447374682,0.013121738613654099,7,NNS,system,system,system,29,1.0247403775782304,0.012983958117619621,0.03415801258594101,29.717470949768682
total,38,0.0013812656755479626,9.499793447374682,0.013121738613654099,5,JJ,total,total,tot,27,1.0557746113181992,0.015184675080059485,0.07541247223701422,28.505914505591377
sss,38,0.0013812656755479626,9.499793447374682,0.013121738613654099,3,NN,sss,sss,sss,10,1.4871383754771865,0.06276962042673517,0.11223685852658011,14.871383754771866
strain,37,0.0013449165788230162,9.538267595189318,0.012828174222020455,6,NN,strain,strain,strain,25,1.0891983668051488,0.01493697506951535,0.048770076125603676,27.22995917012872
measured,37,0.0013449165788230162,9.538267595189318,0.012828174222020455,8,VBN,measur,measur,meas,28,1.0399803441349673,0.016831329989193854,0.06499877150843546,29.119449635779084
melting,37,0.0013449165788230162,9.538267595189318,0.012828174222020455,7,VBG,melt,melt,melt,25,1.0891983668051488,0.016578641743959167,0.051866588895483276,27.22995917012872
higher,36,0.0013085674820980699,9.577795959375955,0.01253319234260966,6,JJR,higher,higher,high,24,1.1069271337655804,0.017266392830745478,0.05534635668827902,26.566251210373927
change,36,0.0013085674820980699,9.577795959375955,0.01253319234260966,6,NN,chang,chang,chang,27,1.0557746113181992,0.012634711891545754,0.03558790824668087,28.505914505591377
corresponding,36,0.0013085674820980699,9.577795959375955,0.01253319234260966,13,VBG,correspond,correspond,correspond,26,1.0721650275063686,0.013070750218551154,0.02994874378509409,27.87629071516558
according,36,0.0013085674820980699,9.577795959375955,0.01253319234260966,9,VBG,accord,accord,accord,33,0.968624435599299,0.012592387362995677,0.04843122177996495,31.964606374776867
decreases,35,0.0012722183853731235,9.618437943873301,0.012236753590766078,9,NNS,decreas,decreas,decreas,24,1.1069271337655804,0.02430268553326341,0.09420656457579407,26.566251210373927
nbmotaw,35,0.0012722183853731235,9.618437943873301,0.012236753590766078,7,NN,nbmotaw,nbmotaw,nbmotaw,18,1.2318658703738805,0.03197014166445888,0.07862973640684343,22.17358566672985
intermetallic,35,0.0012722183853731235,9.618437943873301,0.012236753590766078,13,NN,intermetal,intermetal,intermetal,25,1.0891983668051488,0.016815690714347853,0.045383265283547865,27.22995917012872
transition,35,0.0012722183853731235,9.618437943873301,0.012236753590766078,10,NN,transit,transit,transit,27,1.0557746113181992,0.017540811037255157,0.040606715819930736,28.505914505591377
variation,34,0.001235869288648177,9.660258119567928,0.011938816330388192,9,NN,variat,variat,vary,17,1.2566894540989126,0.026219511867363016,0.05385811946138197,21.363720719681513
stress,34,0.001235869288648177,9.660258119567928,0.011938816330388192,6,NN,stress,stress,stress,21,1.1649190807432672,0.016998215530350365,0.05177418136636743,24.463300695608613
structures,34,0.001235869288648177,9.660258119567928,0.011938816330388192,10,NNS,structur,structur,structures,28,1.0399803441349673,0.015922403840558402,0.06117531436088043,29.119449635779084
single-phase,34,0.001235869288648177,9.660258119567928,0.011938816330388192,12,NN,single-phas,single-phas,single-phas,28,1.0399803441349673,0.015880206635612987,0.04159921376539869,29.119449635779084
first,34,0.001235869288648177,9.660258119567928,0.011938816330388192,5,RB,first,first,first,27,1.0557746113181992,0.010344708586870784,0.022463289602514876,28.505914505591377
shear,34,0.001235869288648177,9.660258119567928,0.011938816330388192,5,NN,shear,shear,shear,19,1.2083847745243574,0.026466448522172125,0.1035758378163735,22.95931071596279
metals,34,0.001235869288648177,9.660258119567928,0.011938816330388192,6,NNS,metal,metal,met,26,1.0721650275063686,0.015103580884904754,0.04376183785740279,27.87629071516558
superconducting,33,0.0011995201919232307,9.703326841459814,0.011639336475161712,15,VBG,superconduct,superconduct,superconduc,14,1.3410103397989483,0.034186863450434014,0.11175086164991235,18.774144757185276
larger,33,0.0011995201919232307,9.703326841459814,0.011639336475161712,6,JJR,larger,larger,larg,24,1.1069271337655804,0.015735097585737934,0.08021211114243336,26.566251210373927
low,33,0.0011995201919232307,9.703326841459814,0.011639336475161712,3,JJ,low,low,low,25,1.0891983668051488,0.01854646855199739,0.04950901667296131,27.22995917012872
rate,33,0.0011995201919232307,9.703326841459814,0.011639336475161712,4,NN,rate,rate,rat,19,1.2083847745243574,0.017180493691588566,0.046476337481706056,22.95931071596279
concentrations,33,0.0011995201919232307,9.703326841459814,0.011639336475161712,14,NNS,concentr,concentr,cont,22,1.1447156946549804,0.01226709160141105,0.05263060665080369,25.183745282409568
studied,33,0.0011995201919232307,9.703326841459814,0.011639336475161712,7,VBN,studi,studi,study,30,1.010017120757524,0.013953088624789344,0.05611206226430688,30.300513622725717
seen,33,0.0011995201919232307,9.703326841459814,0.011639336475161712,4,VBN,seen,seen,seen,29,1.0247403775782304,0.01517605563401529,0.060278845739895906,29.717470949768682
metal,32,0.0011631710951982843,9.747720960818267,0.011338267265682257,5,NN,metal,metal,met,26,1.0721650275063686,0.019358542216911245,0.0846446074347133,27.87629071516558
sintering,32,0.0011631710951982843,9.747720960818267,0.011338267265682257,9,VBG,sinter,sinter,sint,17,1.2566894540989126,0.027534753756113767,0.08377929693992751,21.363720719681513
decrease,32,0.0011631710951982843,9.747720960818267,0.011338267265682257,8,NN,decreas,decreas,decreas,28,1.0399803441349673,0.01791601993874747,0.05942744823628385,29.119449635779084
elasticity,32,0.0011631710951982843,9.747720960818267,0.011338267265682257,10,NN,elast,elast,elast,19,1.2083847745243574,0.04958235010614344,0.1342649749471508,22.95931071596279
local,32,0.0011631710951982843,9.747720960818267,0.011338267265682257,5,JJ,local,local,loc,23,1.1254105394595937,0.015004267347979262,0.03847557399861859,25.884442407570656
large,32,0.0011631710951982843,9.747720960818267,0.011338267265682257,5,JJ,larg,larg,larg,26,1.0721650275063686,0.012633343873892117,0.05874876863048595,27.87629071516558
microstructure,32,0.0011631710951982843,9.747720960818267,0.011338267265682257,14,NN,microstructur,microstructur,microstruct,23,1.1254105394595937,0.017948100680927632,0.0625228077477552,25.884442407570656
matrix,32,0.0011631710951982843,9.747720960818267,0.011338267265682257,6,NN,matrix,matrix,matrix,19,1.2083847745243574,0.024684974301597537,0.06196844997560807,22.95931071596279
less,31,0.001126821998473338,9.793524650431392,0.011035559018697,4,RBR,less,less,less,28,1.0399803441349673,0.009975765282856461,0.02476143676511827,29.119449635779084
number,31,0.001126821998473338,9.793524650431392,0.011035559018697,6,NN,number,number,numb,23,1.1254105394595937,0.01893310157954165,0.058615132263520504,25.884442407570656
dependence,31,0.001126821998473338,9.793524650431392,0.011035559018697,10,NN,depend,depend,depend,21,1.1649190807432672,0.022431000286100223,0.0728074425464542,24.463300695608613
elemental,31,0.001126821998473338,9.793524650431392,0.011035559018697,9,NN,element,element,el,22,1.1447156946549804,0.015775638881016445,0.04905924405664201,25.183745282409568
powders,30,0.0010904729017483916,9.840830365209749,0.010731158843963959,7,NNS,powder,powder,powd,18,1.2318658703738805,0.02562810520265985,0.06843699279854891,22.17358566672985
sample,30,0.0010904729017483916,9.840830365209749,0.010731158843963959,6,NN,sampl,sampl,sampl,20,1.1861083798132053,0.018247716340460983,0.049421182492216886,23.722167596264107
nbmotawv,30,0.0010904729017483916,9.840830365209749,0.010731158843963959,8,NN,nbmotawv,nbmotawv,nbmotawv,15,1.3110471164215052,0.036426522303340446,0.08740314109476702,19.665706746322577
calculations,30,0.0010904729017483916,9.840830365209749,0.010731158843963959,12,NNS,calcul,calcul,calc,22,1.1447156946549804,0.017006547917442418,0.045788627786199215,25.183745282409568
study,30,0.0010904729017483916,9.840830365209749,0.010731158843963959,5,NN,studi,studi,study,24,1.1069271337655804,0.018816574132018652,0.10542163178719813,26.566251210373927
agreement,30,0.0010904729017483916,9.840830365209749,0.010731158843963959,9,NN,agreement,agreement,agr,28,1.0399803441349673,0.016064246274361853,0.06117531436088043,29.119449635779084
ni-co,30,0.0010904729017483916,9.840830365209749,0.010731158843963959,5,NN,ni-co,ni-co,ni-co,12,1.4079571294295616,0.025389066323165024,0.055214005075669086,16.89548555315474
lower,30,0.0010904729017483916,9.840830365209749,0.010731158843963959,5,JJR,lower,lower,low,25,1.0891983668051488,0.01698944579067588,0.12102204075612764,27.22995917012872
homogenization,29,0.0010541238050234452,9.889739965690696,0.010425010323326312,14,NN,homogen,homogen,homog,19,1.2083847745243574,0.020444789249126138,0.052999332215980584,22.95931071596279
solutions,29,0.0010541238050234452,9.889739965690696,0.010425010323326312,9,NNS,solut,solut,solv,27,1.0557746113181992,0.016090751412600354,0.07038497408787994,28.505914505591377
ni-cr,29,0.0010541238050234452,9.889739965690696,0.010425010323326312,5,NN,ni-cr,ni-cr,ni-cr,14,1.3410103397989483,0.021606036570335697,0.05060416376599805,18.774144757185276
milled,29,0.0010541238050234452,9.889739965690696,0.010425010323326312,6,VBN,mill,mill,mil,17,1.2566894540989126,0.01926685517197326,0.041202932921275824,21.363720719681513
process,29,0.0010541238050234452,9.889739965690696,0.010425010323326312,7,NN,process,process,process,21,1.1649190807432672,0.015588878728293279,0.050648655684489875,24.463300695608613
room,29,0.0010541238050234452,9.889739965690696,0.010425010323326312,4,NN,room,room,room,23,1.1254105394595937,0.01471831167626802,0.056270526972979684,25.884442407570656
close,29,0.0010541238050234452,9.889739965690696,0.010425010323326312,5,RB,close,close,clos,26,1.0721650275063686,0.015939815102880037,0.05956472375035381,27.87629071516558
result,29,0.0010541238050234452,9.889739965690696,0.010425010323326312,6,NN,result,result,result,24,1.1069271337655804,0.01747614542074116,0.05534635668827902,26.566251210373927
heating,29,0.0010541238050234452,9.889739965690696,0.010425010323326312,7,NN,heat,heat,heat,15,1.3110471164215052,0.02508825323450499,0.08404148182189135,19.665706746322577
radii,28,0.0010177747082984988,9.940366038760663,0.010117053145479938,5,NN,radii,radii,radi,14,1.3410103397989483,0.03074351997644457,0.15776592232928804,18.774144757185276
performed,28,0.0010177747082984988,9.940366038760663,0.010117053145479938,9,VBN,perform,perform,perform,23,1.1254105394595937,0.01322322730536843,0.05771336099792788,25.884442407570656
increasing,28,0.0010177747082984988,9.940366038760663,0.010117053145479938,10,VBG,increas,increas,increas,23,1.1254105394595937,0.01499912521509497,0.08038646710425669,25.884442407570656
interaction,28,0.0010177747082984988,9.940366038760663,0.010117053145479938,11,NN,interact,interact,interact,20,1.1861083798132053,0.01476203361628656,0.028580924814776032,23.722167596264107
related,28,0.0010177747082984988,9.940366038760663,0.010117053145479938,7,JJ,relat,relat,rel,26,1.0721650275063686,0.014036186252332319,0.03697120784504719,27.87629071516558
ratio,28,0.0010177747082984988,9.940366038760663,0.010117053145479938,5,NN,ratio,ratio,ratio,23,1.1254105394595937,0.016628797469920936,0.08038646710425669,25.884442407570656
min,28,0.0010177747082984988,9.940366038760663,0.010117053145479938,3,NN,min,min,min,16,1.2830183928212617,0.03427441581249158,0.1710691190428349,20.528294285140188
formed,27,0.0009814256115735524,9.992833458654799,0.009807222688512942,6,VBN,form,form,form,21,1.1649190807432672,0.019622841127853632,0.05547233717825082,24.463300695608613
stable,27,0.0009814256115735524,9.992833458654799,0.009807222688512942,6,JJ,stabl,stabl,stabl,21,1.1649190807432672,0.015858928320733427,0.0728074425464542,24.463300695608613
resistance,27,0.0009814256115735524,9.992833458654799,0.009807222688512942,10,NN,resist,resist,resist,14,1.3410103397989483,0.024334337599234698,0.08381314623743427,18.774144757185276
stability,27,0.0009814256115735524,9.992833458654799,0.009807222688512942,9,NN,stabil,stabil,stabl,20,1.1861083798132053,0.021519054773452163,0.11861083798132054,23.722167596264107
sqs,27,0.0009814256115735524,9.992833458654799,0.009807222688512942,3,NN,sq,sqs,sqs,13,1.3731950231703498,0.030167779433464735,0.08955619716328368,17.851535301214547
line,27,0.0009814256115735524,9.992833458654799,0.009807222688512942,4,NN,line,line,lin,21,1.1649190807432672,0.011330088044293878,0.023895776015246506,24.463300695608613
case,27,0.0009814256115735524,9.992833458654799,0.009807222688512942,4,NN,case,case,cas,19,1.2083847745243574,0.0191718607794383,0.0671324874735754,22.95931071596279
moduli,26,0.000945076514848606,10.047281242677174,0.009495449540533114,6,NNS,moduli,moduli,modul,18,1.2318658703738805,0.02775682516886299,0.10558850317490405,22.17358566672985
equiatomic,26,0.000945076514848606,10.047281242677174,0.009495449540533114,10,JJ,equiatom,equiatom,equiatom,21,1.1649190807432672,0.014025581428479731,0.04016962347390576,24.463300695608613
good,26,0.000945076514848606,10.047281242677174,0.009495449540533114,4,JJ,good,good,good,25,1.0891983668051488,0.012161366663362982,0.047356450730658646,27.22995917012872
nicofemncr,26,0.000945076514848606,10.047281242677174,0.009495449540533114,10,NN,nicofemncr,nicofemncr,nicofemncr,11,1.4457456903189614,0.035700482991674894,0.08031920501772007,15.903202593508576
nbmocrtial,26,0.000945076514848606,10.047281242677174,0.009495449540533114,10,NN,nbmocrtial,nbmocrtial,nbmocrtial,17,1.2566894540989126,0.028068606183691853,0.06981608078327292,21.363720719681513
multicomponent,26,0.000945076514848606,10.047281242677174,0.009495449540533114,14,NN,multicompon,multicompon,multicompon,23,1.1254105394595937,0.015432877528162808,0.046892105810816403,25.884442407570656
investigated,26,0.000945076514848606,10.047281242677174,0.009495449540533114,12,VBN,investig,investig,investig,24,1.1069271337655804,0.021093250417106742,0.0737951422510387,26.566251210373927
changes,25,0.0009087274181236596,10.103864771043543,0.009181658946461,7,NNS,chang,chang,chang,22,1.1447156946549804,0.01484806228817686,0.036926312730805814,25.183745282409568
theoretical,25,0.0009087274181236596,10.103864771043543,0.009181658946461,11,JJ,theoret,theoret,theoret,17,1.2566894540989126,0.021481151625847336,0.06130192459019086,21.363720719681513
experiments,25,0.0009087274181236596,10.103864771043543,0.009181658946461,11,NNS,experi,experi,expery,18,1.2318658703738805,0.014514858609067609,0.029564780888973134,22.17358566672985
radius,25,0.0009087274181236596,10.103864771043543,0.009181658946461,6,NN,radiu,radius,radi,17,1.2566894540989126,0.02335878634428284,0.05236206058745469,21.363720719681513
computed,25,0.0009087274181236596,10.103864771043543,0.009181658946461,8,VBN,comput,comput,comput,16,1.2830183928212617,0.0206094547948739,0.05518358678801126,20.528294285140188
pure,25,0.0009087274181236596,10.103864771043543,0.009181658946461,4,NN,pure,pure,pur,20,1.1861083798132053,0.01450506995642561,0.043929939993081674,23.722167596264107
state,25,0.0009087274181236596,10.103864771043543,0.009181658946461,5,NN,state,state,stat,21,1.1649190807432672,0.013069032115301629,0.025887090683183716,24.463300695608613
structural,25,0.0009087274181236596,10.103864771043543,0.009181658946461,10,JJ,structur,structur,structural,19,1.2083847745243574,0.01422142403577265,0.0483353909809743,22.95931071596279
predicted,25,0.0009087274181236596,10.103864771043543,0.009181658946461,9,VBN,predict,predict,predict,19,1.2083847745243574,0.017276673679970097,0.048823627253509395,22.95931071596279
transformation,24,0.0008723783213987132,10.16275846009711,0.008865770166200089,14,NN,transform,transform,transform,11,1.4457456903189614,0.029921328014688477,0.06995543662833684,15.903202593508576
smaller,24,0.0008723783213987132,10.16275846009711,0.008865770166200089,7,JJR,smaller,smaller,smal,21,1.1649190807432672,0.013186894894236514,0.02773616858912541,24.463300695608613
components,24,0.0008723783213987132,10.16275846009711,0.008865770166200089,10,NNS,compon,compon,compon,19,1.2083847745243574,0.019908860929160697,0.06041923872621788,22.95931071596279
measurement,24,0.0008723783213987132,10.16275846009711,0.008865770166200089,11,NN,measur,measur,meas,12,1.4079571294295616,0.028334411849455243,0.06579238922568045,16.89548555315474
single,24,0.0008723783213987132,10.16275846009711,0.008865770166200089,6,JJ,singl,singl,singl,22,1.1447156946549804,0.011378423379793194,0.034688354383484256,25.183745282409568
compared,24,0.0008723783213987132,10.16275846009711,0.008865770166200089,8,VBN,compar,compar,comp,23,1.1254105394595937,0.014307683321543635,0.06620061996821139,25.884442407570656
leads,24,0.0008723783213987132,10.16275846009711,0.008865770166200089,5,NNS,lead,lead,lead,21,1.1649190807432672,0.013200419253714232,0.04016962347390576,24.463300695608613
factor,24,0.0008723783213987132,10.16275846009711,0.008865770166200089,6,NN,factor,factor,fact,13,1.3731950231703498,0.022549664972360297,0.05721645929876457,17.851535301214547
cubic,24,0.0008723783213987132,10.16275846009711,0.008865770166200089,5,NN,cubic,cubic,cub,17,1.2566894540989126,0.016402369683155473,0.05712224791358694,21.363720719681513
literature,24,0.0008723783213987132,10.16275846009711,0.008865770166200089,10,NN,literatur,literatur,lit,21,1.1649190807432672,0.024212691998476938,0.08320850576737622,24.463300695608613
significant,24,0.0008723783213987132,10.16275846009711,0.008865770166200089,11,JJ,signific,signific,sign,20,1.1861083798132053,0.012581218214560475,0.037065886869162665,23.722167596264107
precipitates,23,0.0008360292246737669,10.224159004761255,0.008547695725691863,12,NNS,precipit,precipit,precipit,12,1.4079571294295616,0.041960449289554884,0.09182329104975402,16.89548555315474
indicates,23,0.0008360292246737669,10.224159004761255,0.008547695725691863,9,NNS,indic,indic,ind,21,1.1649190807432672,0.013484489576339484,0.03426232590421374,24.463300695608613
factors,23,0.0008360292246737669,10.224159004761255,0.008547695725691863,7,NNS,factor,factor,fact,15,1.3110471164215052,0.029641543038048876,0.14567190182461168,19.665706746322577
methods,23,0.0008360292246737669,10.224159004761255,0.008547695725691863,7,NNS,method,method,method,18,1.2318658703738805,0.019789267181218238,0.06843699279854891,22.17358566672985
role,23,0.0008360292246737669,10.224159004761255,0.008547695725691863,4,NN,role,role,rol,22,1.1447156946549804,0.02239737087596938,0.08805505343499849,25.183745282409568
measurements,23,0.0008360292246737669,10.224159004761255,0.008547695725691863,12,NNS,measur,measur,meas,18,1.2318658703738805,0.018189113576996187,0.05028023960709716,22.17358566672985
function,23,0.0008360292246737669,10.224159004761255,0.008547695725691863,8,NN,function,function,funct,16,1.2830183928212617,0.01283579106549082,0.027298263677048122,20.528294285140188
peak,23,0.0008360292246737669,10.224159004761255,0.008547695725691863,4,NN,peak,peak,peak,16,1.2830183928212617,0.017342248567596082,0.0356393998005906,20.528294285140188
enthalpy,23,0.0008360292246737669,10.224159004761255,0.008547695725691863,8,NN,enthalpi,enthalpi,enthalpy,14,1.3410103397989483,0.04115725702498883,0.1257197193561514,18.774144757185276
show,23,0.0008360292246737669,10.224159004761255,0.008547695725691863,4,NN,show,show,show,21,1.1649190807432672,0.012373620059723514,0.030655765282717556,24.463300695608613
linear,22,0.0007996801279488205,10.28828934218097,0.008227340537529765,6,NN,linear,linear,linear,20,1.1861083798132053,0.012262647960919425,0.03594267817615774,23.722167596264107
compositional,22,0.0007996801279488205,10.28828934218097,0.008227340537529765,13,JJ,composit,composit,composit,12,1.4079571294295616,0.021120793050534797,0.0439986602946738,16.89548555315474
solid-solution,22,0.0007996801279488205,10.28828934218097,0.008227340537529765,14,NN,solid-solut,solid-solut,solid-solution,17,1.2566894540989126,0.01717310351673881,0.045697798330869545,21.363720719681513
error,22,0.0007996801279488205,10.28828934218097,0.008227340537529765,5,NN,error,error,er,14,1.3410103397989483,0.01633179843902411,0.05013122765603545,18.774144757185276
important,22,0.0007996801279488205,10.28828934218097,0.008227340537529765,9,JJ,import,import,import,18,1.2318658703738805,0.01748729856623455,0.061593293518694026,22.17358566672985
sigma,22,0.0007996801279488205,10.28828934218097,0.008227340537529765,5,NN,sigma,sigma,sigm,11,1.4457456903189614,0.034914660345152775,0.06285850827473745,15.903202593508576
bec,22,0.0007996801279488205,10.28828934218097,0.008227340537529765,3,NN,bec,bec,bec,15,1.3110471164215052,0.01902643675470014,0.046823111300768036,19.665706746322577
critical,22,0.0007996801279488205,10.28828934218097,0.008227340537529765,8,JJ,critic,critic,crit,16,1.2830183928212617,0.019013318924593528,0.055783408383533115,20.528294285140188
sem,22,0.0007996801279488205,10.28828934218097,0.008227340537529765,3,NN,sem,sem,sem,17,1.2566894540989126,0.015980237425004103,0.042599642511827546,21.363720719681513
treatment,22,0.0007996801279488205,10.28828934218097,0.008227340537529765,9,NN,treatment,treatment,tre,19,1.2083847745243574,0.01939649346371228,0.12083847745243576,22.95931071596279
given,22,0.0007996801279488205,10.28828934218097,0.008227340537529765,5,VBN,given,given,giv,18,1.2318658703738805,0.015453408110152124,0.0324175229045758,22.17358566672985
design,21,0.0007633310312238741,10.355403538039507,0.007904600861431051,6,NN,design,design,design,18,1.2318658703738805,0.014970466117478518,0.035706257112286394,22.17358566672985
considered,21,0.0007633310312238741,10.355403538039507,0.007904600861431051,10,VBN,consid,consid,consid,18,1.2318658703738805,0.011576181606910449,0.02514011980354858,22.17358566672985
grain,21,0.0007633310312238741,10.355403538039507,0.007904600861431051,5,NN,grain,grain,grain,15,1.3110471164215052,0.024207512956263156,0.08194044477634407,19.665706746322577
law,21,0.0007633310312238741,10.355403538039507,0.007904600861431051,3,NN,law,law,law,19,1.2083847745243574,0.016160766081982803,0.0335662437367877,22.95931071596279
cocrfeni,21,0.0007633310312238741,10.355403538039507,0.007904600861431051,8,NN,cocrfeni,cocrfeni,cocrfen,11,1.4457456903189614,0.034342780440430334,0.09035910564493509,15.903202593508576
dislocations,21,0.0007633310312238741,10.355403538039507,0.007904600861431051,12,NNS,disloc,disloc,disloc,11,1.4457456903189614,0.02064654099538604,0.057829827612758455,15.903202593508576
reveal,21,0.0007633310312238741,10.355403538039507,0.007904600861431051,6,NN,reveal,reveal,rev,18,1.2318658703738805,0.015167407636441706,0.030416441243799518,22.17358566672985
-mn,21,0.0007633310312238741,10.355403538039507,0.007904600861431051,3,NN,-mn,-mn,-mn,11,1.4457456903189614,0.02744403427496649,0.05560560347380621,15.903202593508576
simple,21,0.0007633310312238741,10.355403538039507,0.007904600861431051,6,NN,simpl,simpl,simpl,16,1.2830183928212617,0.01747736570586758,0.0534590997008859,20.528294285140188
set,21,0.0007633310312238741,10.355403538039507,0.007904600861431051,3,NN,set,set,set,12,1.4079571294295616,0.019673321809357654,0.04855024584239868,16.89548555315474
metallic,21,0.0007633310312238741,10.355403538039507,0.007904600861431051,8,NN,metal,metal,metal,12,1.4079571294295616,0.015961970764865687,0.04969260456810218,16.89548555315474
compounds,20,0.0007269819344989277,10.425792865930905,0.007579363066359569,9,NNS,compound,compound,compound,13,1.3731950231703498,0.018574586057642246,0.04818228151474911,17.851535301214547
field,20,0.0007269819344989277,10.425792865930905,0.007579363066359569,5,NN,field,field,field,13,1.3731950231703498,0.01859086963147587,0.04818228151474911,17.851535301214547
sps,20,0.0007269819344989277,10.425792865930905,0.007579363066359569,3,NN,sp,sps,sps,10,1.4871383754771865,0.03681489995660454,0.08497933574155352,14.871383754771866
purity,20,0.0007269819344989277,10.425792865930905,0.007579363066359569,6,NN,puriti,puriti,pur,9,1.5328958660378615,0.026448491378191406,0.10018927229005632,13.796062794340754
general,20,0.0007269819344989277,10.425792865930905,0.007579363066359569,7,JJ,gener,general,gen,18,1.2318658703738805,0.01282299791850277,0.053559385668429584,22.17358566672985
lines,20,0.0007269819344989277,10.425792865930905,0.007579363066359569,5,NNS,line,line,lin,12,1.4079571294295616,0.034202707806331695,0.11042801015133817,16.89548555315474
interactions,20,0.0007269819344989277,10.425792865930905,0.007579363066359569,12,NNS,interact,interact,interact,13,1.3731950231703498,0.01830322520921572,0.04577316743901166,17.851535301214547
evolution,20,0.0007269819344989277,10.425792865930905,0.007579363066359569,9,NN,evolut,evolut,evolv,14,1.3410103397989483,0.01903361291326045,0.05916222087348302,18.774144757185276
approach,20,0.0007269819344989277,10.425792865930905,0.007579363066359569,8,NN,approach,approach,approach,14,1.3410103397989483,0.02790132894236144,0.09578645284278202,18.774144757185276
various,20,0.0007269819344989277,10.425792865930905,0.007579363066359569,7,JJ,variou,various,vary,17,1.2566894540989126,0.015196231156970157,0.03696145453232096,21.363720719681513
possible,20,0.0007269819344989277,10.425792865930905,0.007579363066359569,8,JJ,possibl,possibl,poss,16,1.2830183928212617,0.020375312674626143,0.05132073571285047,20.528294285140188
predictions,20,0.0007269819344989277,10.425792865930905,0.007579363066359569,11,NNS,predict,predict,predict,12,1.4079571294295616,0.030261607236021632,0.07410300681208219,16.89548555315474
previous,20,0.0007269819344989277,10.425792865930905,0.007579363066359569,8,JJ,previou,previous,prevy,20,1.1861083798132053,0.01735343624628983,0.06977108116548267,23.722167596264107
slightly,20,0.0007269819344989277,10.425792865930905,0.007579363066359569,8,RB,slightli,slight,slight,18,1.2318658703738805,0.014313486684368389,0.04106219567912935,22.17358566672985
individual,19,0.0006906328377739813,10.499793447374682,0.007251502144601031,10,JJ,individu,individu,individ,16,1.2830183928212617,0.018797821501332246,0.07547167016595657,20.528294285140188
stacking,19,0.0006906328377739813,10.499793447374682,0.007251502144601031,8,VBG,stack,stack,stack,14,1.3410103397989483,0.021860650297750677,0.1257197193561514,18.774144757185276
annealing,19,0.0006906328377739813,10.499793447374682,0.007251502144601031,9,VBG,anneal,anneal,an,13,1.3731950231703498,0.0184611450489694,0.06539023919858808,17.851535301214547
second,19,0.0006906328377739813,10.499793447374682,0.007251502144601031,6,JJ,second,second,second,17,1.2566894540989126,0.0111119245504214,0.01848072726616048,21.363720719681513
pattern,19,0.0006906328377739813,10.499793447374682,0.007251502144601031,7,NN,pattern,pattern,pattern,11,1.4457456903189614,0.022003540578660993,0.09035910564493509,15.903202593508576
trend,19,0.0006906328377739813,10.499793447374682,0.007251502144601031,5,NN,trend,trend,trend,12,1.4079571294295616,0.02494434019120982,0.05054205080003554,16.89548555315474
expected,19,0.0006906328377739813,10.499793447374682,0.007251502144601031,8,VBN,expect,expect,expect,16,1.2830183928212617,0.017897870198505663,0.07547167016595657,20.528294285140188
strong,19,0.0006906328377739813,10.499793447374682,0.007251502144601031,6,JJ,strong,strong,strong,14,1.3410103397989483,0.018635037453243943,0.04325839805803059,18.774144757185276
vegards,19,0.0006906328377739813,10.499793447374682,0.007251502144601031,7,NNS,vegard,vegard,vegard,17,1.2566894540989126,0.018051509024777212,0.03490804039163646,21.363720719681513
several,19,0.0006906328377739813,10.499793447374682,0.007251502144601031,7,JJ,sever,sever,sev,18,1.2318658703738805,0.013478632851846632,0.04927463481495522,22.17358566672985
applied,18,0.0006542837410490349,10.577795959375955,0.006920879912353865,7,VBN,appli,appli,apply,13,1.3731950231703498,0.0177356448265859,0.04818228151474911,17.851535301214547
equimolar,18,0.0006542837410490349,10.577795959375955,0.006920879912353865,9,NN,equimolar,equimolar,equimol,17,1.2566894540989126,0.021582871167837046,0.040538369487061694,21.363720719681513
revealed,18,0.0006542837410490349,10.577795959375955,0.006920879912353865,8,VBD,reveal,reveal,rev,17,1.2566894540989126,0.014984957000987498,0.03808149860905796,21.363720719681513
use,18,0.0006542837410490349,10.577795959375955,0.006920879912353865,3,NN,use,use,us,15,1.3110471164215052,0.014290702756639604,0.02850102427003272,19.665706746322577
available,18,0.0006542837410490349,10.577795959375955,0.006920879912353865,9,JJ,avail,avail,avail,16,1.2830183928212617,0.01801392853334534,0.0534590997008859,20.528294285140188
maximum,18,0.0006542837410490349,10.577795959375955,0.006920879912353865,7,NN,maximum,maximum,maxim,13,1.3731950231703498,0.016146506058803318,0.04161197039910151,17.851535301214547
space,18,0.0006542837410490349,10.577795959375955,0.006920879912353865,5,NN,space,space,spac,16,1.2830183928212617,0.013562497240463427,0.0458220854579022,20.528294285140188
many,18,0.0006542837410490349,10.577795959375955,0.006920879912353865,4,JJ,mani,mani,many,17,1.2566894540989126,0.01534624825373947,0.06283447270494563,21.363720719681513
form,18,0.0006542837410490349,10.577795959375955,0.006920879912353865,4,NN,form,form,form,17,1.2566894540989126,0.013387219231164704,0.05026757816395651,21.363720719681513
current,18,0.0006542837410490349,10.577795959375955,0.006920879912353865,7,JJ,current,current,cur,14,1.3410103397989483,0.02285090856594917,0.0745005744332749,18.774144757185276
series,18,0.0006542837410490349,10.577795959375955,0.006920879912353865,6,NN,seri,seri,sery,13,1.3731950231703498,0.021625245820673995,0.10402992599775378,17.851535301214547
therefore,18,0.0006542837410490349,10.577795959375955,0.006920879912353865,9,RB,therefor,therefor,theref,16,1.2830183928212617,0.017792456128781487,0.0712787996011812,20.528294285140188
prediction,18,0.0006542837410490349,10.577795959375955,0.006920879912353865,10,NN,predict,predict,predict,15,1.3110471164215052,0.02397962738033268,0.05870360222782859,19.665706746322577
complex,18,0.0006542837410490349,10.577795959375955,0.006920879912353865,7,JJ,complex,complex,complex,16,1.2830183928212617,0.012117554869027441,0.027891704191766557,20.528294285140188
pressure,17,0.0006179346443240885,10.660258119567928,0.006587342809518185,8,NN,pressur,pressur,press,11,1.4457456903189614,0.021562774251879486,0.07351249272808279,15.903202593508576
obtain,17,0.0006179346443240885,10.660258119567928,0.006587342809518185,6,VB,obtain,obtain,obtain,15,1.3110471164215052,0.013520579484979697,0.028194561643473233,19.665706746322577
mismatch,17,0.0006179346443240885,10.660258119567928,0.006587342809518185,8,NN,mismatch,mismatch,mismatch,10,1.4871383754771865,0.04701620104577088,0.11439525965209128,14.871383754771866
predict,17,0.0006179346443240885,10.660258119567928,0.006587342809518185,7,NN,predict,predict,predict,14,1.3410103397989483,0.020979342357534847,0.06385763522852135,18.774144757185276
functional,17,0.0006179346443240885,10.660258119567928,0.006587342809518185,10,JJ,function,function,funct,14,1.3410103397989483,0.017142591611902284,0.027367557955080578,18.774144757185276
consistent,17,0.0006179346443240885,10.660258119567928,0.006587342809518185,10,NN,consist,consist,consist,17,1.2566894540989126,0.011283200765250339,0.02564672355303903,21.363720719681513
scattering,17,0.0006179346443240885,10.660258119567928,0.006587342809518185,10,VBG,scatter,scatter,scat,12,1.4079571294295616,0.015608658699221565,0.036729316419901605,16.89548555315474
electric,17,0.0006179346443240885,10.660258119567928,0.006587342809518185,8,JJ,electr,electr,elect,10,1.4871383754771865,0.037506562002184406,0.08261879863762146,14.871383754771866
significantly,17,0.0006179346443240885,10.660258119567928,0.006587342809518185,13,RB,significantli,signific,sign,17,1.2566894540989126,0.01512693623757958,0.03590541297425465,21.363720719681513
initial,17,0.0006179346443240885,10.660258119567928,0.006587342809518185,7,JJ,initi,initi,init,15,1.3110471164215052,0.01346415202735805,0.027894619498329897,19.665706746322577
fault,17,0.0006179346443240885,10.660258119567928,0.006587342809518185,5,NN,fault,fault,fault,13,1.3731950231703498,0.02310890516091144,0.1287370334222203,17.851535301214547
upto,17,0.0006179346443240885,10.660258119567928,0.006587342809518185,4,NN,upto,upto,upto,9,1.5328958660378615,0.02252326677751935,0.0528584781392366,13.796062794340754
means,17,0.0006179346443240885,10.660258119567928,0.006587342809518185,5,NNS,mean,mean,mean,15,1.3110471164215052,0.01051557109786254,0.02048511119408602,19.665706746322577
spacing,17,0.0006179346443240885,10.660258119567928,0.006587342809518185,7,VBG,space,space,spac,8,1.584048388485243,0.036740766966669745,0.0693743819774559,12.672387107881944
approximation,16,0.0005815855475991422,10.747720960818267,0.00625071918044027,13,NN,approxim,approxim,approxim,13,1.3731950231703498,0.017580065395753994,0.07323706790241866,17.851535301214547
electrons,16,0.0005815855475991422,10.747720960818267,0.00625071918044027,9,NNS,electron,electron,electron,11,1.4457456903189614,0.024175075329407526,0.06967449109970898,15.903202593508576
scanning,16,0.0005815855475991422,10.747720960818267,0.00625071918044027,8,VBG,scan,scan,scan,14,1.3410103397989483,0.01597839264085833,0.03777493914926615,18.774144757185276
content,16,0.0005815855475991422,10.747720960818267,0.00625071918044027,7,NN,content,content,cont,13,1.3731950231703498,0.018665784256454928,0.055670068506906076,17.851535301214547
experimentally,16,0.0005815855475991422,10.747720960818267,0.00625071918044027,14,RB,experiment,experiment,expery,14,1.3410103397989483,0.031693813293605926,0.1219100308908135,18.774144757185276
refractory,16,0.0005815855475991422,10.747720960818267,0.00625071918044027,10,NN,refractori,refractori,refract,11,1.4457456903189614,0.038771325358076265,0.11413781765676011,15.903202593508576
recently,16,0.0005815855475991422,10.747720960818267,0.00625071918044027,8,RB,recent,recent,rec,16,1.2830183928212617,0.014362105164519058,0.0305480569719348,20.528294285140188
states,16,0.0005815855475991422,10.747720960818267,0.00625071918044027,6,NNS,state,state,stat,10,1.4871383754771865,0.02385770344210698,0.06028939360042648,14.871383754771866
point,16,0.0005815855475991422,10.747720960818267,0.00625071918044027,5,NN,point,point,point,13,1.3731950231703498,0.024892765286704917,0.04161197039910151,17.851535301214547
strengths,16,0.0005815855475991422,10.747720960818267,0.00625071918044027,9,NNS,strength,strength,strengths,13,1.3731950231703498,0.021912332526723248,0.05604877645593264,17.851535301214547
reveals,16,0.0005815855475991422,10.747720960818267,0.00625071918044027,7,NNS,reveal,reveal,rev,16,1.2830183928212617,0.015507951639660825,0.0916441709158044,20.528294285140188
mno,16,0.0005815855475991422,10.747720960818267,0.00625071918044027,3,NN,mno,mno,mno,8,1.584048388485243,0.03903325958656601,0.08562423721541855,12.672387107881944
energies,16,0.0005815855475991422,10.747720960818267,0.00625071918044027,8,NNS,energi,energi,energy,11,1.4457456903189614,0.022224955454935916,0.04517955282246754,15.903202593508576
exhibit,16,0.0005815855475991422,10.747720960818267,0.00625071918044027,7,NN,exhibit,exhibit,exhibit,16,1.2830183928212617,0.017412556188212972,0.049346861262356226,20.528294285140188
sites,15,0.0005452364508741958,10.840830365209749,0.005910815872856175,5,NNS,site,site,sit,9,1.5328958660378615,0.023163881469497823,0.0696770848199028,13.796062794340754
negative,15,0.0005452364508741958,10.840830365209749,0.005910815872856175,8,JJ,neg,negat,neg,14,1.3410103397989483,0.023881722699167836,0.1219100308908135,18.774144757185276
contribution,15,0.0005452364508741958,10.840830365209749,0.005910815872856175,12,NN,contribut,contribut,contribut,13,1.3731950231703498,0.016396946658108116,0.03814430619917638,17.851535301214547
apparent,15,0.0005452364508741958,10.840830365209749,0.005910815872856175,8,NN,appar,appar,app,8,1.584048388485243,0.03923957249475862,0.06740631440362736,12.672387107881944
correlation,15,0.0005452364508741958,10.840830365209749,0.005910815872856175,11,NN,correl,correl,correl,10,1.4871383754771865,0.0287731466532802,0.04506479925688444,14.871383754771866
mean,15,0.0005452364508741958,10.840830365209749,0.005910815872856175,4,NN,mean,mean,mean,10,1.4871383754771865,0.025928870255467574,0.08747872796924626,14.871383754771866
microhardness,15,0.0005452364508741958,10.840830365209749,0.005910815872856175,13,NN,microhard,microhard,microhard,15,1.3110471164215052,0.016712785595293076,0.02731348159211469,19.665706746322577
specific,15,0.0005452364508741958,10.840830365209749,0.005910815872856175,8,JJ,specif,specif,spec,12,1.4079571294295616,0.01830883525975158,0.0293324401964492,16.89548555315474
behavior,15,0.0005452364508741958,10.840830365209749,0.005910815872856175,8,NN,behavior,behavior,behavy,12,1.4079571294295616,0.016204286592056586,0.032743189056501434,16.89548555315474
mocrtial,15,0.0005452364508741958,10.840830365209749,0.005910815872856175,8,NN,mocrtial,mocrtial,mocrt,9,1.5328958660378615,0.02712158970122376,0.057483594976419805,13.796062794340754
even,15,0.0005452364508741958,10.840830365209749,0.005910815872856175,4,RB,even,even,ev,13,1.3731950231703498,0.01746008476911246,0.04161197039910151,17.851535301214547
proposed,15,0.0005452364508741958,10.840830365209749,0.005910815872856175,8,VBN,propos,propos,propos,12,1.4079571294295616,0.021144875726537195,0.04266536755847156,16.89548555315474
arc,15,0.0005452364508741958,10.840830365209749,0.005910815872856175,3,NN,arc,arc,arc,12,1.4079571294295616,0.020181060332764372,0.06704557759188388,16.89548555315474
attributed,15,0.0005452364508741958,10.840830365209749,0.005910815872856175,10,VBN,attribut,attribut,attribut,13,1.3731950231703498,0.01707954461066862,0.04038808891677499,17.851535301214547
describe,15,0.0005452364508741958,10.840830365209749,0.005910815872856175,8,NN,describ,describ,describ,10,1.4871383754771865,0.020426837656153614,0.04342009855407844,14.871383754771866
forming,15,0.0005452364508741958,10.840830365209749,0.005910815872856175,7,VBG,form,form,form,10,1.4871383754771865,0.01549277474101734,0.03034976276484054,14.871383754771866
cocrfenimn,15,0.0005452364508741958,10.840830365209749,0.005910815872856175,10,NN,cocrfenimn,cocrfenimn,cocrfenimn,11,1.4457456903189614,0.02441095210643408,0.09638304602126409,15.903202593508576
figs,15,0.0005452364508741958,10.840830365209749,0.005910815872856175,4,NNS,fig,fig,fig,11,1.4457456903189614,0.014293764022231615,0.030760546602531094,15.903202593508576
presence,15,0.0005452364508741958,10.840830365209749,0.005910815872856175,8,NN,presenc,presenc,pres,10,1.4871383754771865,0.022583158803499124,0.0619640989782161,14.871383754771866
models,15,0.0005452364508741958,10.840830365209749,0.005910815872856175,6,NNS,model,model,model,10,1.4871383754771865,0.021651609054005726,0.04130939931881073,14.871383754771866
mixed,14,0.0005088873541492494,10.940366038760663,0.005567413926889218,5,JJ,mix,mix,mix,9,1.5328958660378615,0.022296223828591505,0.07299504123989817,13.796062794340754
temperature-dependent,14,0.0005088873541492494,10.940366038760663,0.005567413926889218,21,NN,temperature-depend,temperature-depend,temperature-dependent,11,1.4457456903189614,0.025004450499952636,0.08031920501772007,15.903202593508576
supercell,14,0.0005088873541492494,10.940366038760663,0.005567413926889218,9,NN,supercel,supercel,supercel,9,1.5328958660378615,0.021896494587055927,0.05167064716981556,13.796062794340754
see,14,0.0005088873541492494,10.940366038760663,0.005567413926889218,3,VB,see,see,see,13,1.3731950231703498,0.013947950722700183,0.04291234447407343,17.851535301214547
effects,14,0.0005088873541492494,10.940366038760663,0.005567413926889218,7,NNS,effect,effect,effect,14,1.3410103397989483,0.025989068731576758,0.13410103397989484,18.774144757185276
application,14,0.0005088873541492494,10.940366038760663,0.005567413926889218,11,NN,applic,applic,apply,14,1.3410103397989483,0.015585177512832005,0.030477507722703374,18.774144757185276
calculation,14,0.0005088873541492494,10.940366038760663,0.005567413926889218,11,NN,calcul,calcul,calc,11,1.4457456903189614,0.020301901317031183,0.06884503287233149,15.903202593508576
particular,14,0.0005088873541492494,10.940366038760663,0.005567413926889218,10,JJ,particular,particular,particul,12,1.4079571294295616,0.013696651663783433,0.028733818967950235,16.89548555315474
zero,14,0.0005088873541492494,10.940366038760663,0.005567413926889218,4,NN,zero,zero,zero,10,1.4871383754771865,0.020883177115725033,0.05311208483847094,14.871383754771866
intensity,14,0.0005088873541492494,10.940366038760663,0.005567413926889218,9,NN,intens,intens,intens,10,1.4871383754771865,0.01607359655012197,0.04248966787077676,14.871383754771866
combination,14,0.0005088873541492494,10.940366038760663,0.005567413926889218,11,NN,combin,combin,combin,14,1.3410103397989483,0.017592306340253248,0.03831458113711281,18.774144757185276
lead,14,0.0005088873541492494,10.940366038760663,0.005567413926889218,4,NN,lead,lead,lead,12,1.4079571294295616,0.01300564631749416,0.034764373566162014,16.89548555315474
strain-rate,14,0.0005088873541492494,10.940366038760663,0.005567413926889218,11,NN,strain-rat,strain-rat,strain-rate,9,1.5328958660378615,0.021644969257912445,0.05677392096436524,13.796062794340754
relative,14,0.0005088873541492494,10.940366038760663,0.005567413926889218,8,NN,rel,relat,rel,11,1.4457456903189614,0.026978799875139646,0.13143142639263286,15.903202593508576
tests,14,0.0005088873541492494,10.940366038760663,0.005567413926889218,5,NNS,test,test,test,11,1.4457456903189614,0.021868334036502107,0.07414080463174161,15.903202593508576
differences,14,0.0005088873541492494,10.940366038760663,0.005567413926889218,11,NNS,differ,differ,diff,13,1.3731950231703498,0.015190866285014327,0.05604877645593264,17.851535301214547
additional,14,0.0005088873541492494,10.940366038760663,0.005567413926889218,10,JJ,addit,addit,addit,13,1.3731950231703498,0.019903607156592413,0.03814430619917638,17.851535301214547
almost,14,0.0005088873541492494,10.940366038760663,0.005567413926889218,6,RB,almost,almost,almost,12,1.4079571294295616,0.018985398494397218,0.03910992026193227,16.89548555315474
types,14,0.0005088873541492494,10.940366038760663,0.005567413926889218,5,NNS,type,type,typ,11,1.4457456903189614,0.01568632951751658,0.031429254137368724,15.903202593508576
family,14,0.0005088873541492494,10.940366038760663,0.005567413926889218,6,NN,famili,famili,famy,8,1.584048388485243,0.03163859316953219,0.056573156731615816,12.672387107881944
plane,14,0.0005088873541492494,10.940366038760663,0.005567413926889218,5,NN,plane,plane,plan,10,1.4871383754771865,0.014194826020046231,0.04647307423366208,14.871383754771866
studies,14,0.0005088873541492494,10.940366038760663,0.005567413926889218,7,NNS,studi,studi,study,12,1.4079571294295616,0.026958182637081777,0.08282100761350362,16.89548555315474
characterized,14,0.0005088873541492494,10.940366038760663,0.005567413926889218,13,VBN,character,character,charact,13,1.3731950231703498,0.020789794672039622,0.04993436447892181,17.851535301214547
concentrated,14,0.0005088873541492494,10.940366038760663,0.005567413926889218,12,VBN,concentr,concentr,cont,11,1.4457456903189614,0.02263003881604656,0.04517955282246754,15.903202593508576
cell,13,0.000472538257424303,11.047281242677174,0.00522026302769086,4,NN,cell,cell,cel,8,1.584048388485243,0.023831216657640077,0.07200219947660196,12.672387107881944
rhirpdptnicu,13,0.000472538257424303,11.047281242677174,0.00522026302769086,12,NN,rhirpdptnicu,rhirpdptnicu,rhirpdptnicu,9,1.5328958660378615,0.021066441318571383,0.043180165240503145,13.796062794340754
hardening,13,0.000472538257424303,11.047281242677174,0.00522026302769086,9,VBG,harden,harden,hard,10,1.4871383754771865,0.021493364480315046,0.04310546015875903,14.871383754771866
appears,13,0.000472538257424303,11.047281242677174,0.00522026302769086,7,VBZ,appear,appear,appear,12,1.4079571294295616,0.011834621809445249,0.02631695569027218,16.89548555315474
fact,13,0.000472538257424303,11.047281242677174,0.00522026302769086,4,NN,fact,fact,fact,13,1.3731950231703498,0.015608720119031923,0.03613671113606184,17.851535301214547
moments,13,0.000472538257424303,11.047281242677174,0.00522026302769086,7,NNS,moment,moment,mom,10,1.4871383754771865,0.021048117369736934,0.05311208483847094,14.871383754771866
contrast,13,0.000472538257424303,11.047281242677174,0.00522026302769086,8,NN,contrast,contrast,contrast,11,1.4457456903189614,0.015439687999193685,0.037070402315870804,15.903202593508576
comparison,13,0.000472538257424303,11.047281242677174,0.00522026302769086,10,NN,comparison,comparison,comparison,12,1.4079571294295616,0.023746979212710285,0.07821984052386453,16.89548555315474
technique,13,0.000472538257424303,11.047281242677174,0.00522026302769086,9,NN,techniqu,techniqu,techn,10,1.4871383754771865,0.027651101471183707,0.07081611311796127,14.871383754771866
property,13,0.000472538257424303,11.047281242677174,0.00522026302769086,8,NN,properti,properti,property,11,1.4457456903189614,0.013106414079393308,0.027278220572055874,15.903202593508576
described,13,0.000472538257424303,11.047281242677174,0.00522026302769086,9,NN,describ,describ,describ,11,1.4457456903189614,0.014449707808529767,0.03442251643616574,15.903202593508576
decreasing,13,0.000472538257424303,11.047281242677174,0.00522026302769086,10,VBG,decreas,decreas,decreas,11,1.4457456903189614,0.019666448147155922,0.042521932068204746,15.903202593508576
relatively,13,0.000472538257424303,11.047281242677174,0.00522026302769086,10,RB,rel,relat,rel,11,1.4457456903189614,0.013389201270010163,0.030760546602531094,15.903202593508576
indicating,13,0.000472538257424303,11.047281242677174,0.00522026302769086,10,VBG,indic,indic,ind,10,1.4871383754771865,0.02245444109982569,0.07081611311796127,14.871383754771866
prepared,13,0.000472538257424303,11.047281242677174,0.00522026302769086,8,JJ,prepar,prepar,prep,13,1.3731950231703498,0.018405502323174987,0.06539023919858808,17.851535301214547
standard,13,0.000472538257424303,11.047281242677174,0.00522026302769086,8,NN,standard,standard,standard,13,1.3731950231703498,0.013066113960468782,0.05721645929876457,17.851535301214547
corrosion,13,0.000472538257424303,11.047281242677174,0.00522026302769086,9,NN,corros,corros,corrod,8,1.584048388485243,0.025081851575410725,0.08562423721541855,12.672387107881944
ductility,13,0.000472538257424303,11.047281242677174,0.00522026302769086,9,NN,ductil,ductil,ductil,11,1.4457456903189614,0.01852724747966031,0.048191523010632044,15.903202593508576
compression,13,0.000472538257424303,11.047281242677174,0.00522026302769086,11,NN,compress,compress,compress,11,1.4457456903189614,0.02029353488475858,0.04015960250886003,15.903202593508576
improve,13,0.000472538257424303,11.047281242677174,0.00522026302769086,7,VB,improv,improv,improv,9,1.5328958660378615,0.02116534490853818,0.04790299581368317,13.796062794340754
atmosphere,13,0.000472538257424303,11.047281242677174,0.00522026302769086,10,RB,atmospher,atmospher,atmosph,10,1.4871383754771865,0.024048941219312385,0.07081611311796127,14.871383754771866
sintered,13,0.000472538257424303,11.047281242677174,0.00522026302769086,8,VBN,sinter,sinter,sint,11,1.4457456903189614,0.03738136593511407,0.14457456903189614,15.903202593508576
ordering,13,0.000472538257424303,11.047281242677174,0.00522026302769086,8,VBG,order,order,ord,10,1.4871383754771865,0.024752696954173557,0.05948553501908746,14.871383754771866
polycrystalline,13,0.000472538257424303,11.047281242677174,0.00522026302769086,15,NN,polycrystallin,polycrystallin,polycrystallin,11,1.4457456903189614,0.014894930982782982,0.042521932068204746,15.903202593508576
quantitative,13,0.000472538257424303,11.047281242677174,0.00522026302769086,12,NN,quantit,quantit,quantit,12,1.4079571294295616,0.019663836109812153,0.05028418319391291,16.89548555315474
nico,13,0.000472538257424303,11.047281242677174,0.00522026302769086,4,NN,nico,nico,nico,13,1.3731950231703498,0.017608944153829815,0.04904267939894106,17.851535301214547
tensile,12,0.0004361891606993566,11.16275846009711,0.004869074243799401,7,NN,tensil,tensil,tensil,9,1.5328958660378615,0.018638527112338765,0.03832239665094654,13.796062794340754
understand,12,0.0004361891606993566,11.16275846009711,0.004869074243799401,10,NN,understand,understand,understand,12,1.4079571294295616,0.021494876831446724,0.10830439457150474,16.89548555315474
tem,12,0.0004361891606993566,11.16275846009711,0.004869074243799401,3,NN,tem,tem,tem,9,1.5328958660378615,0.01710921672080442,0.04790299581368317,13.796062794340754
nicr,12,0.0004361891606993566,11.16275846009711,0.004869074243799401,4,NN,nicr,nicr,nicr,9,1.5328958660378615,0.022317193746320782,0.054746280929923626,13.796062794340754
valence,12,0.0004361891606993566,11.16275846009711,0.004869074243799401,7,NN,valenc,valenc,val,12,1.4079571294295616,0.014292882993951565,0.025142091596956455,16.89548555315474
times,12,0.0004361891606993566,11.16275846009711,0.004869074243799401,5,NNS,time,time,tim,11,1.4457456903189614,0.019035925687593724,0.048191523010632044,15.903202593508576
andor,12,0.0004361891606993566,11.16275846009711,0.004869074243799401,5,NN,andor,andor,and,12,1.4079571294295616,0.013244450610354517,0.0293324401964492,16.89548555315474
corresponds,12,0.0004361891606993566,11.16275846009711,0.004869074243799401,11,NNS,correspond,correspond,correspond,8,1.584048388485243,0.020209944733364647,0.06600201618688512,12.672387107881944
especially,12,0.0004361891606993566,11.16275846009711,0.004869074243799401,10,RB,especi,especi,espec,12,1.4079571294295616,0.012663219796344443,0.03910992026193227,16.89548555315474
taken,12,0.0004361891606993566,11.16275846009711,0.004869074243799401,5,VBN,taken,taken,tak,12,1.4079571294295616,0.016899198384289462,0.06121552736650268,16.89548555315474
characteristics,12,0.0004361891606993566,11.16275846009711,0.004869074243799401,15,NNS,characterist,characterist,charact,11,1.4457456903189614,0.026738969340871232,0.10326754930849724,15.903202593508576
isotropic,12,0.0004361891606993566,11.16275846009711,0.004869074243799401,9,NN,isotrop,isotrop,isotrop,10,1.4871383754771865,0.021890041173393264,0.08261879863762146,14.871383754771866
carried,12,0.0004361891606993566,11.16275846009711,0.004869074243799401,7,VBN,carri,carri,carry,11,1.4457456903189614,0.015840482934922868,0.05072791895856005,15.903202593508576
applications,12,0.0004361891606993566,11.16275846009711,0.004869074243799401,12,NNS,applic,applic,apply,10,1.4871383754771865,0.01652509769073838,0.03341883989836374,14.871383754771866
reference,12,0.0004361891606993566,11.16275846009711,0.004869074243799401,9,NN,refer,refer,ref,10,1.4871383754771865,0.013546019642737484,0.025205735177579434,14.871383754771866
account,12,0.0004361891606993566,11.16275846009711,0.004869074243799401,7,NN,account,account,account,12,1.4079571294295616,0.02276720599619995,0.0879973205893476,16.89548555315474
curves,12,0.0004361891606993566,11.16275846009711,0.004869074243799401,6,NNS,curv,curv,curv,9,1.5328958660378615,0.026618401286602648,0.0464513898799352,13.796062794340754
calculate,12,0.0004361891606993566,11.16275846009711,0.004869074243799401,9,NN,calcul,calcul,calc,11,1.4457456903189614,0.01868835985636666,0.048191523010632044,15.903202593508576
interest,12,0.0004361891606993566,11.16275846009711,0.004869074243799401,8,NN,interest,interest,interest,10,1.4871383754771865,0.013950811159665316,0.03034976276484054,14.871383754771866
eds,12,0.0004361891606993566,11.16275846009711,0.004869074243799401,3,NN,ed,ed,ed,8,1.584048388485243,0.022120508996356085,0.06211954464648012,12.672387107881944
obvious,12,0.0004361891606993566,11.16275846009711,0.004869074243799401,7,JJ,obviou,obvious,obvy,10,1.4871383754771865,0.016231339042626868,0.03583465965005269,14.871383754771866
first-principles,12,0.0004361891606993566,11.16275846009711,0.004869074243799401,16,NNS,first-principl,first-principl,first-principles,12,1.4079571294295616,0.015089801533470221,0.028733818967950235,16.89548555315474
computationally,12,0.0004361891606993566,11.16275846009711,0.004869074243799401,15,RB,comput,comput,comput,11,1.4457456903189614,0.018572634950333636,0.04381047546421095,15.903202593508576
slip,12,0.0004361891606993566,11.16275846009711,0.004869074243799401,4,NN,slip,slip,slip,10,1.4871383754771865,0.028875912799739233,0.07626350643472751,14.871383754771866
independent,12,0.0004361891606993566,11.16275846009711,0.004869074243799401,11,JJ,independ,independ,independ,11,1.4457456903189614,0.012164432153712235,0.031429254137368724,15.903202593508576
estimated,12,0.0004361891606993566,11.16275846009711,0.004869074243799401,9,VBN,estim,estim,estim,11,1.4457456903189614,0.02249622751108119,0.06285850827473745,15.903202593508576
effective,12,0.0004361891606993566,11.16275846009711,0.004869074243799401,9,JJ,effect,effect,effect,11,1.4457456903189614,0.019353525698500622,0.06884503287233149,15.903202593508576
site,12,0.0004361891606993566,11.16275846009711,0.004869074243799401,4,NN,site,site,sit,8,1.584048388485243,0.02625499699862154,0.07200219947660196,12.672387107881944
usually,12,0.0004361891606993566,11.16275846009711,0.004869074243799401,7,RB,usual,usual,us,12,1.4079571294295616,0.012782275260139078,0.028733818967950235,16.89548555315474
formula,12,0.0004361891606993566,11.16275846009711,0.004869074243799401,7,NN,formula,formula,formul,11,1.4457456903189614,0.019424557528161978,0.07228728451594807,15.903202593508576
reasonable,12,0.0004361891606993566,11.16275846009711,0.004869074243799401,10,JJ,reason,reason,reason,12,1.4079571294295616,0.020135124556539343,0.056318285177182466,16.89548555315474
expansion,12,0.0004361891606993566,11.16275846009711,0.004869074243799401,9,NN,expans,expans,expand,10,1.4871383754771865,0.019556702980700565,0.04957127918257288,14.871383754771866
intrinsic,12,0.0004361891606993566,11.16275846009711,0.004869074243799401,9,JJ,intrins,intrins,intrins,10,1.4871383754771865,0.015982838299943698,0.05218029387639251,14.871383754771866
level,12,0.0004361891606993566,11.16275846009711,0.004869074243799401,5,NN,level,level,level,8,1.584048388485243,0.02267237856851165,0.04061662534577546,12.672387107881944
physical,12,0.0004361891606993566,11.16275846009711,0.004869074243799401,8,JJ,physic,physic,phys,10,1.4871383754771865,0.016607482458283796,0.026090146938196255,14.871383754771866
equilibrium,12,0.0004361891606993566,11.16275846009711,0.004869074243799401,11,NN,equilibrium,equilibrium,equilibr,10,1.4871383754771865,0.016794065833852782,0.03198147044036961,14.871383754771866
increased,12,0.0004361891606993566,11.16275846009711,0.004869074243799401,9,VBN,increas,increas,increas,10,1.4871383754771865,0.01860697431099203,0.06465819023813854,14.871383754771866
detected,11,0.00039984006397441024,11.28828934218097,0.004513510332739293,8,VBN,detect,detect,detect,10,1.4871383754771865,0.019644517417475235,0.04248966787077676,14.871383754771866
processing,11,0.00039984006397441024,11.28828934218097,0.004513510332739293,10,NN,process,process,process,10,1.4871383754771865,0.021707864513690396,0.08747872796924626,14.871383754771866
conducted,11,0.00039984006397441024,11.28828934218097,0.004513510332739293,9,VBN,conduct,conduct,conduc,9,1.5328958660378615,0.019595420315048753,0.07299504123989817,13.796062794340754
stronger,11,0.00039984006397441024,11.28828934218097,0.004513510332739293,8,JJR,stronger,stronger,stronger,8,1.584048388485243,0.02022105004788137,0.05725476102958709,12.672387107881944
published,11,0.00039984006397441024,11.28828934218097,0.004513510332739293,9,VBN,publish,publish,publ,11,1.4457456903189614,0.020880613818833885,0.06285850827473745,15.903202593508576
typical,11,0.00039984006397441024,11.28828934218097,0.004513510332739293,7,JJ,typic,typic,typ,11,1.4457456903189614,0.02061331195521591,0.06884503287233149,15.903202593508576
hcp,11,0.00039984006397441024,11.28828934218097,0.004513510332739293,3,NN,hcp,hcp,hcp,9,1.5328958660378615,0.02545068431670861,0.09580599162736635,13.796062794340754
consolidated,11,0.00039984006397441024,11.28828934218097,0.004513510332739293,12,JJ,consolid,consolid,consolid,10,1.4871383754771865,0.041491024872045534,0.14871383754771866,14.871383754771866
ecas,11,0.00039984006397441024,11.28828934218097,0.004513510332739293,4,NN,eca,eca,eca,9,1.5328958660378615,0.03950988927845188,0.07664479330189308,13.796062794340754
additions,11,0.00039984006397441024,11.28828934218097,0.004513510332739293,9,NNS,addit,addit,addit,10,1.4871383754771865,0.02915587479782496,0.14871383754771866,14.871383754771866
electrical,11,0.00039984006397441024,11.28828934218097,0.004513510332739293,10,JJ,electr,electr,elect,8,1.584048388485243,0.019458585989259765,0.03300100809344256,12.672387107881944
furthermore,11,0.00039984006397441024,11.28828934218097,0.004513510332739293,11,RB,furthermor,furthermor,furtherm,11,1.4457456903189614,0.014125638924895583,0.03362199279811538,15.903202593508576
achieved,11,0.00039984006397441024,11.28828934218097,0.004513510332739293,8,VBN,achiev,achiev,achiev,10,1.4871383754771865,0.023666731595095407,0.08747872796924626,14.871383754771866
fitting,11,0.00039984006397441024,11.28828934218097,0.004513510332739293,7,NN,fit,fit,fit,8,1.584048388485243,0.02397316426242119,0.06600201618688512,12.672387107881944
often,11,0.00039984006397441024,11.28828934218097,0.004513510332739293,5,RB,often,often,oft,10,1.4871383754771865,0.011804858228442077,0.02974276750954373,14.871383754771866
leading,11,0.00039984006397441024,11.28828934218097,0.004513510332739293,7,VBG,lead,lead,lead,11,1.4457456903189614,0.015175226329382048,0.04985329966617108,15.903202593508576
disordered,11,0.00039984006397441024,11.28828934218097,0.004513510332739293,10,VBN,disord,disord,disord,9,1.5328958660378615,0.02044526999360709,0.049448253743156825,13.796062794340754
potential,11,0.00039984006397441024,11.28828934218097,0.004513510332739293,9,JJ,potenti,potenti,pot,10,1.4871383754771865,0.015137301078913316,0.03458461338319038,14.871383754771866
basis,11,0.00039984006397441024,11.28828934218097,0.004513510332739293,5,NN,basi,basi,bas,11,1.4457456903189614,0.01637101608204167,0.07228728451594807,15.903202593508576
certain,11,0.00039984006397441024,11.28828934218097,0.004513510332739293,7,JJ,certain,certain,certain,10,1.4871383754771865,0.013366720247352571,0.04310546015875903,14.871383754771866
containing,11,0.00039984006397441024,11.28828934218097,0.004513510332739293,10,VBG,contain,contain,contain,10,1.4871383754771865,0.024838644716199988,0.1351943977706533,14.871383754771866
interval,11,0.00039984006397441024,11.28828934218097,0.004513510332739293,8,NN,interv,interv,interv,10,1.4871383754771865,0.014544889607255019,0.026090146938196255,14.871383754771866
ni-cocr,11,0.00039984006397441024,11.28828934218097,0.004513510332739293,7,NN,ni-cocr,ni-cocr,ni-cocr,9,1.5328958660378615,0.013348752107535278,0.028922563510148328,13.796062794340754
demonstrates,11,0.00039984006397441024,11.28828934218097,0.004513510332739293,12,NNS,demonstr,demonstr,demonst,10,1.4871383754771865,0.042775887344770815,0.09294614846732416,14.871383754771866
microscopy,11,0.00039984006397441024,11.28828934218097,0.004513510332739293,10,NN,microscopi,microscopi,microscop,9,1.5328958660378615,0.01836386833308626,0.0433838452652225,13.796062794340754
zrnbmoreru,11,0.00039984006397441024,11.28828934218097,0.004513510332739293,10,NN,zrnbmoreru,zrnbmoreru,zrnbmoreru,8,1.584048388485243,0.0170588798881505,0.02779032260500426,12.672387107881944
excellent,11,0.00039984006397441024,11.28828934218097,0.004513510332739293,9,NN,excel,excel,excel,8,1.584048388485243,0.013827300163457823,0.03168096776970486,12.672387107881944
dependent,11,0.00039984006397441024,11.28828934218097,0.004513510332739293,9,NN,depend,depend,depend,10,1.4871383754771865,0.015017696369130824,0.026090146938196255,14.871383754771866
main,11,0.00039984006397441024,11.28828934218097,0.004513510332739293,4,JJ,main,main,main,9,1.5328958660378615,0.024532293869665392,0.057845127020296656,13.796062794340754
occurs,11,0.00039984006397441024,11.28828934218097,0.004513510332739293,6,NNS,occur,occur,occ,10,1.4871383754771865,0.020653071336432474,0.07081611311796127,14.871383754771866
alcocrfenimn,11,0.00039984006397441024,11.28828934218097,0.004513510332739293,12,NN,alcocrfenimn,alcocrfenimn,alcocrfenimn,9,1.5328958660378615,0.017353410203504584,0.0528584781392366,13.796062794340754
varying,10,0.00036349096724946385,11.425792865930905,0.0041531725004292485,7,VBG,vari,vari,vary,9,1.5328958660378615,0.019138275185577938,0.03832239665094654,13.796062794340754
resulting,10,0.00036349096724946385,11.425792865930905,0.0041531725004292485,9,VBG,result,result,result,10,1.4871383754771865,0.017782062404553423,0.03458461338319038,14.871383754771866
crystallite,10,0.00036349096724946385,11.425792865930905,0.0041531725004292485,11,NN,crystallit,crystallit,crystallit,8,1.584048388485243,0.035311136599276115,0.07092753978292132,12.672387107881944
assessment,10,0.00036349096724946385,11.425792865930905,0.0041531725004292485,10,NN,assess,assess,assess,9,1.5328958660378615,0.030519780553831866,0.0929027797598704,13.796062794340754
final,10,0.00036349096724946385,11.425792865930905,0.0041531725004292485,5,JJ,final,final,fin,10,1.4871383754771865,0.024901939374495217,0.08261879863762146,14.871383754771866
approximate,10,0.00036349096724946385,11.425792865930905,0.0041531725004292485,11,NN,approxim,approxim,approxim,8,1.584048388485243,0.03897574186922789,0.11314631346323163,12.672387107881944
accurate,10,0.00036349096724946385,11.425792865930905,0.0041531725004292485,8,NN,accur,accur,acc,8,1.584048388485243,0.021520734314161294,0.04800146631773464,12.672387107881944
high-temperature,10,0.00036349096724946385,11.425792865930905,0.0041531725004292485,16,NN,high-temperatur,high-temperatur,high-temperature,9,1.5328958660378615,0.012254787334289483,0.02254258626526267,13.796062794340754
amount,10,0.00036349096724946385,11.425792865930905,0.0041531725004292485,6,NN,amount,amount,amount,9,1.5328958660378615,0.024610353739179823,0.08516088144654786,13.796062794340754
class,10,0.00036349096724946385,11.425792865930905,0.0041531725004292485,5,NN,class,class,class,8,1.584048388485243,0.01307649397378208,0.021310068006527932,12.672387107881944
multiple,10,0.00036349096724946385,11.425792865930905,0.0041531725004292485,8,NN,multipl,multipl,multipl,10,1.4871383754771865,0.010878360537470851,0.016164547559534635,14.871383754771866
becomes,10,0.00036349096724946385,11.425792865930905,0.0041531725004292485,7,NNS,becom,becom,becom,9,1.5328958660378615,0.010282674133648822,0.020714809000511644,13.796062794340754
hence,10,0.00036349096724946385,11.425792865930905,0.0041531725004292485,5,NN,henc,henc,hent,10,1.4871383754771865,0.016608732343433776,0.03304751945504859,14.871383754771866
ordered,10,0.00036349096724946385,11.425792865930905,0.0041531725004292485,7,VBN,order,order,ord,9,1.5328958660378615,0.02758115440318038,0.05378581986097759,13.796062794340754
example,10,0.00036349096724946385,11.425792865930905,0.0041531725004292485,7,NN,exampl,exampl,exampl,9,1.5328958660378615,0.013146497790568779,0.0228790427766845,13.796062794340754
mixture,10,0.00036349096724946385,11.425792865930905,0.0041531725004292485,7,NN,mixtur,mixtur,mixt,9,1.5328958660378615,0.016656519098750145,0.030056781687016892,13.796062794340754
always,10,0.00036349096724946385,11.425792865930905,0.0041531725004292485,6,RB,alway,alway,alway,10,1.4871383754771865,0.013198667783422097,0.04647307423366208,14.871383754771866
points,10,0.00036349096724946385,11.425792865930905,0.0041531725004292485,6,NNS,point,point,point,10,1.4871383754771865,0.018343155772815284,0.0619640989782161,14.871383754771866
distributed,10,0.00036349096724946385,11.425792865930905,0.0041531725004292485,11,VBN,distribut,distribut,distribut,9,1.5328958660378615,0.017512492176504923,0.035648741070647944,13.796062794340754
terms,10,0.00036349096724946385,11.425792865930905,0.0041531725004292485,5,NNS,term,term,term,9,1.5328958660378615,0.021196860251472736,0.09017034506105068,13.796062794340754
bonding,10,0.00036349096724946385,11.425792865930905,0.0041531725004292485,7,NN,bond,bond,bond,8,1.584048388485243,0.0211704063981906,0.03370315720181368,12.672387107881944
core,10,0.00036349096724946385,11.425792865930905,0.0041531725004292485,4,NN,core,core,cor,8,1.584048388485243,0.019412626637072408,0.042054381995183444,12.672387107881944
still,10,0.00036349096724946385,11.425792865930905,0.0041531725004292485,5,RB,still,still,stil,10,1.4871383754771865,0.009805587686775932,0.02253239962844222,14.871383754771866
identified,10,0.00036349096724946385,11.425792865930905,0.0041531725004292485,10,VBN,identifi,identifi,ident,9,1.5328958660378615,0.029508972326437375,0.07664479330189308,13.796062794340754
confirmed,10,0.00036349096724946385,11.425792865930905,0.0041531725004292485,9,VBN,confirm,confirm,confirm,10,1.4871383754771865,0.019786752877370646,0.08261879863762146,14.871383754771866
determination,10,0.00036349096724946385,11.425792865930905,0.0041531725004292485,13,NN,determin,determin,determin,9,1.5328958660378615,0.025392259752465316,0.12774132216982179,13.796062794340754
mainly,10,0.00036349096724946385,11.425792865930905,0.0041531725004292485,6,RB,mainli,main,main,10,1.4871383754771865,0.02114641287269573,0.05311208483847094,14.871383754771866
phase-pure,10,0.00036349096724946385,11.425792865930905,0.0041531725004292485,10,NN,phase-pur,phase-pur,phase-pur,10,1.4871383754771865,0.018458637460985604,0.04130939931881073,14.871383754771866
experiment,10,0.00036349096724946385,11.425792865930905,0.0041531725004292485,10,NN,experi,experi,expery,9,1.5328958660378615,0.022204770648770765,0.03738770404970394,13.796062794340754
research,9,0.00032714187052451747,11.577795959375955,0.00378758182670145,8,NN,research,research,research,9,1.5328958660378615,0.014045281949234236,0.03332382317473612,13.796062794340754
recent,9,0.00032714187052451747,11.577795959375955,0.00378758182670145,6,JJ,recent,recent,rec,8,1.584048388485243,0.013297589735409412,0.020051245423863835,12.672387107881944
transactions,9,0.00032714187052451747,11.577795959375955,0.00378758182670145,12,NN,transact,transact,transact,9,1.5328958660378615,0.02142666669107217,0.09017034506105068,13.796062794340754
equal,9,0.00032714187052451747,11.577795959375955,0.00378758182670145,5,JJ,equal,equal,eq,8,1.584048388485243,0.010021277639452472,0.019317663274210282,12.672387107881944
typically,9,0.00032714187052451747,11.577795959375955,0.00378758182670145,9,RB,typic,typic,typ,8,1.584048388485243,0.014519306279157061,0.03771543782107721,12.672387107881944
normalized,9,0.00032714187052451747,11.577795959375955,0.00378758182670145,10,VBN,normal,normal,norm,8,1.584048388485243,0.03959462117786117,0.08800268824918016,12.672387107881944
special,9,0.00032714187052451747,11.577795959375955,0.00378758182670145,7,JJ,special,special,spec,9,1.5328958660378615,0.02102621897434654,0.09017034506105068,13.796062794340754
conditions,9,0.00032714187052451747,11.577795959375955,0.00378758182670145,10,NNS,condit,condit,condit,8,1.584048388485243,0.01998968359581489,0.08800268824918016,12.672387107881944
predicts,9,0.00032714187052451747,11.577795959375955,0.00378758182670145,8,NNS,predict,predict,predict,9,1.5328958660378615,0.016792140410716444,0.05677392096436524,13.796062794340754
least,9,0.00032714187052451747,11.577795959375955,0.00378758182670145,5,JJS,least,least,least,9,1.5328958660378615,0.011434112376296865,0.024724126871578413,13.796062794340754
metallurgical,9,0.00032714187052451747,11.577795959375955,0.00378758182670145,13,NN,metallurg,metallurg,metallurg,9,1.5328958660378615,0.02142666669107217,0.09017034506105068,13.796062794340754
body-centered,9,0.00032714187052451747,11.577795959375955,0.00378758182670145,13,JJ,body-cent,body-cent,body-centered,8,1.584048388485243,0.014993096865668956,0.03771543782107721,12.672387107881944
caused,9,0.00032714187052451747,11.577795959375955,0.00378758182670145,6,VBN,caus,caus,caus,9,1.5328958660378615,0.012805962233077079,0.0201696824478666,13.796062794340754
adding,9,0.00032714187052451747,11.577795959375955,0.00378758182670145,6,VBG,ad,ad,ad,9,1.5328958660378615,0.016007391829526166,0.03738770404970394,13.796062794340754
diameter,9,0.00032714187052451747,11.577795959375955,0.00378758182670145,8,NN,diamet,diamet,diamet,8,1.584048388485243,0.015453270437666446,0.025968006368610543,12.672387107881944
scale,9,0.00032714187052451747,11.577795959375955,0.00378758182670145,5,NN,scale,scale,scal,8,1.584048388485243,0.013930722376880292,0.03911230588852452,12.672387107881944
reduction,9,0.00032714187052451747,11.577795959375955,0.00378758182670145,9,NN,reduct,reduct,reduc,8,1.584048388485243,0.0190320041895993,0.03300100809344256,12.672387107881944
generally,9,0.00032714187052451747,11.577795959375955,0.00378758182670145,9,RB,gener,general,gen,8,1.584048388485243,0.017947576257348268,0.03370315720181368,12.672387107881944
nearly,9,0.00032714187052451747,11.577795959375955,0.00378758182670145,6,RB,nearli,near,near,9,1.5328958660378615,0.01940189613402889,0.049448253743156825,13.796062794340754
far,9,0.00032714187052451747,11.577795959375955,0.00378758182670145,3,RB,far,far,far,9,1.5328958660378615,0.009605696178618681,0.017223549056605187,13.796062794340754
randomly,9,0.00032714187052451747,11.577795959375955,0.00378758182670145,8,RB,randomli,random,random,9,1.5328958660378615,0.013543386314308918,0.026892909930488797,13.796062794340754
associated,9,0.00032714187052451747,11.577795959375955,0.00378758182670145,10,VBN,associ,associ,assocy,8,1.584048388485243,0.018937822875095184,0.04658965848486009,12.672387107881944
assess,9,0.00032714187052451747,11.577795959375955,0.00378758182670145,6,NN,assess,assess,assess,8,1.584048388485243,0.0221957478005002,0.04400134412459008,12.672387107881944
finally,9,0.00032714187052451747,11.577795959375955,0.00378758182670145,7,RB,final,final,fin,8,1.584048388485243,0.020606060789879647,0.051098335112427194,12.672387107881944
consider,9,0.00032714187052451747,11.577795959375955,0.00378758182670145,8,VB,consid,consid,consid,8,1.584048388485243,0.022119469304358846,0.08337096781501278,12.672387107881944
quite,9,0.00032714187052451747,11.577795959375955,0.00378758182670145,5,RB,quit,quit,quit,9,1.5328958660378615,0.014299907606619882,0.024724126871578413,13.796062794340754
black,9,0.00032714187052451747,11.577795959375955,0.00378758182670145,5,JJ,black,black,black,9,1.5328958660378615,0.019293548417360973,0.039305022206099015,13.796062794340754
way,9,0.00032714187052451747,11.577795959375955,0.00378758182670145,3,NN,way,way,way,9,1.5328958660378615,0.016674057021078145,0.035648741070647944,13.796062794340754
made,9,0.00032714187052451747,11.577795959375955,0.00378758182670145,4,VBN,made,made,mad,8,1.584048388485243,0.0163916006365727,0.03232751813235189,12.672387107881944
cannot,9,0.00032714187052451747,11.577795959375955,0.00378758182670145,6,NN,cannot,cannot,cannot,9,1.5328958660378615,0.020505728099699305,0.09580599162736635,13.796062794340754
desired,9,0.00032714187052451747,11.577795959375955,0.00378758182670145,7,VBN,desir,desir,desir,9,1.5328958660378615,0.014363082856172854,0.0259812858650485,13.796062794340754
concept,9,0.00032714187052451747,11.577795959375955,0.00378758182670145,7,NN,concept,concept,conceiv,9,1.5328958660378615,0.01574330268470789,0.036497520619949084,13.796062794340754
plastic,9,0.00032714187052451747,11.577795959375955,0.00378758182670145,7,NN,plastic,plastic,plast,9,1.5328958660378615,0.011235692531455723,0.023951497906841587,13.796062794340754
moreover,9,0.00032714187052451747,11.577795959375955,0.00378758182670145,8,RB,moreov,moreov,moreov,8,1.584048388485243,0.012544584139772458,0.02295722302152526,12.672387107881944
necessary,9,0.00032714187052451747,11.577795959375955,0.00378758182670145,9,JJ,necessari,necessari,necess,9,1.5328958660378615,0.02068775764831431,0.0312835891028135,13.796062794340754
accuracy,9,0.00032714187052451747,11.577795959375955,0.00378758182670145,8,NN,accuraci,accuraci,acc,9,1.5328958660378615,0.02230063221179638,0.061315834641514466,13.796062794340754
radiation,9,0.00032714187052451747,11.577795959375955,0.00378758182670145,9,NN,radiat,radiat,rady,8,1.584048388485243,0.018923259398827535,0.03232751813235189,12.672387107881944
investigate,9,0.00032714187052451747,11.577795959375955,0.00378758182670145,11,NN,investig,investig,investig,9,1.5328958660378615,0.022443530461978407,0.07299504123989817,13.796062794340754
quantities,9,0.00032714187052451747,11.577795959375955,0.00378758182670145,10,NNS,quantiti,quantiti,quant,8,1.584048388485243,0.014614681949853395,0.03370315720181368,12.672387107881944
demonstrated,9,0.00032714187052451747,11.577795959375955,0.00378758182670145,12,VBN,demonstr,demonstr,demonst,9,1.5328958660378615,0.028020213659875906,0.08516088144654786,13.796062794340754
images,9,0.00032714187052451747,11.577795959375955,0.00378758182670145,6,NNS,imag,imag,im,9,1.5328958660378615,0.013008990279614246,0.030056781687016892,13.796062794340754
thermally,9,0.00032714187052451747,11.577795959375955,0.00378758182670145,9,RB,thermal,thermal,therm,8,1.584048388485243,0.024339692964149725,0.04800146631773464,12.672387107881944
known,9,0.00032714187052451747,11.577795959375955,0.00378758182670145,5,VBN,known,known,known,9,1.5328958660378615,0.01632625176085652,0.04790299581368317,13.796062794340754
much,9,0.00032714187052451747,11.577795959375955,0.00378758182670145,4,JJ,much,much,much,9,1.5328958660378615,0.009286643012488424,0.014599008247979635,13.796062794340754
ball,9,0.00032714187052451747,11.577795959375955,0.00378758182670145,4,NN,ball,ball,bal,8,1.584048388485243,0.02897305848732968,0.1056032258990162,12.672387107881944
information,9,0.00032714187052451747,11.577795959375955,0.00378758182670145,11,NN,inform,inform,inform,9,1.5328958660378615,0.017838590773051177,0.054746280929923626,13.796062794340754
electrochemical,9,0.00032714187052451747,11.577795959375955,0.00378758182670145,15,JJ,electrochem,electrochem,electrochem,8,1.584048388485243,0.017272326642196967,0.02988770544311779,12.672387107881944
short,9,0.00032714187052451747,11.577795959375955,0.00378758182670145,5,JJ,short,short,short,8,1.584048388485243,0.04198298650106302,0.09317931696972018,12.672387107881944
place,8,0.0002907927737995711,11.747720960818267,0.0034161523640197063,5,NN,place,place,plac,8,1.584048388485243,0.01358857563614465,0.03105977232324006,12.672387107881944
taking,8,0.0002907927737995711,11.747720960818267,0.0034161523640197063,6,VBG,take,take,tak,8,1.584048388485243,0.018610177627181267,0.06600201618688512,12.672387107881944
provide,8,0.0002907927737995711,11.747720960818267,0.0034161523640197063,7,NN,provid,provid,provid,8,1.584048388485243,0.03603362715752929,0.1440043989532039,12.672387107881944
common,8,0.0002907927737995711,11.747720960818267,0.0034161523640197063,6,JJ,common,common,common,8,1.584048388485243,0.023672108140682636,0.06600201618688512,12.672387107881944
testing,8,0.0002907927737995711,11.747720960818267,0.0034161523640197063,7,VBG,test,test,test,8,1.584048388485243,0.017441290003177568,0.03300100809344256,12.672387107881944
crystalline,8,0.0002907927737995711,11.747720960818267,0.0034161523640197063,11,NN,crystallin,crystallin,crystallin,8,1.584048388485243,0.019150704100647155,0.03771543782107721,12.672387107881944
listed,8,0.0002907927737995711,11.747720960818267,0.0034161523640197063,6,VBN,list,list,list,8,1.584048388485243,0.01813024929978601,0.03105977232324006,12.672387107881944
dsc,8,0.0002907927737995711,11.747720960818267,0.0034161523640197063,3,NN,dsc,dsc,dsc,8,1.584048388485243,0.028144576237260403,0.08800268824918016,12.672387107881944
region,8,0.0002907927737995711,11.747720960818267,0.0034161523640197063,6,NN,region,region,reg,8,1.584048388485243,0.01453694460631179,0.021406059303854637,12.672387107881944
provides,8,0.0002907927737995711,11.747720960818267,0.0034161523640197063,8,VBZ,provid,provid,provid,8,1.584048388485243,0.022237359212177725,0.07543087564215442,12.672387107881944
subsequent,8,0.0002907927737995711,11.747720960818267,0.0034161523640197063,10,NN,subsequ,subsequ,subsequ,8,1.584048388485243,0.021698141197356118,0.05462235822362907,12.672387107881944
full,8,0.0002907927737995711,11.747720960818267,0.0034161523640197063,4,JJ,full,full,ful,8,1.584048388485243,0.012673786710129434,0.02295722302152526,12.672387107881944
details,8,0.0002907927737995711,11.747720960818267,0.0034161523640197063,7,NNS,detail,detail,detail,8,1.584048388485243,0.016122233303751107,0.025968006368610543,12.672387107881944
make,8,0.0002907927737995711,11.747720960818267,0.0034161523640197063,4,VB,make,make,mak,8,1.584048388485243,0.013928428381328609,0.017407125148189484,12.672387107881944
activated,8,0.0002907927737995711,11.747720960818267,0.0034161523640197063,9,VBN,activ,activ,act,8,1.584048388485243,0.033522084299899106,0.08800268824918016,12.672387107881944
useful,8,0.0002907927737995711,11.747720960818267,0.0034161523640197063,6,JJ,use,use,us,8,1.584048388485243,0.02021501627421612,0.04800146631773464,12.672387107881944
vickers,8,0.0002907927737995711,11.747720960818267,0.0034161523640197063,7,NNS,vicker,vicker,vick,8,1.584048388485243,0.020333770111315642,0.04061662534577546,12.672387107881944
added,8,0.0002907927737995711,11.747720960818267,0.0034161523640197063,5,VBD,ad,ad,ad,8,1.584048388485243,0.009676870596508106,0.01685157860090684,12.672387107881944
microstructural,8,0.0002907927737995711,11.747720960818267,0.0034161523640197063,15,JJ,microstructur,microstructur,microstruct,8,1.584048388485243,0.012606856877456997,0.01955615294426226,12.672387107881944
hard,8,0.0002907927737995711,11.747720960818267,0.0034161523640197063,4,JJ,hard,hard,hard,8,1.584048388485243,0.016634902570389368,0.03370315720181368,12.672387107881944
overall,8,0.0002907927737995711,11.747720960818267,0.0034161523640197063,7,JJ,overal,overal,overal,8,1.584048388485243,0.02733792439997468,0.08337096781501278,12.672387107881944
previously,8,0.0002907927737995711,11.747720960818267,0.0034161523640197063,10,RB,previous,previous,prevy,8,1.584048388485243,0.0161644811727871,0.03771543782107721,12.672387107881944
suggested,8,0.0002907927737995711,11.747720960818267,0.0034161523640197063,9,VBN,suggest,suggest,suggest,8,1.584048388485243,0.028178950105030978,0.1056032258990162,12.672387107881944
combined,8,0.0002907927737995711,11.747720960818267,0.0034161523640197063,8,VBN,combin,combin,combin,8,1.584048388485243,0.015526482784540052,0.04400134412459008,12.672387107881944
disorder,8,0.0002907927737995711,11.747720960818267,0.0034161523640197063,8,NN,disord,disord,disord,8,1.584048388485243,0.01717679668742686,0.02779032260500426,12.672387107881944
gives,8,0.0002907927737995711,11.747720960818267,0.0034161523640197063,5,VBZ,give,give,giv,8,1.584048388485243,0.013454186901653616,0.025549167556213597,12.672387107881944
